Name	Preservation_of_data_and_software	Version_control	Licensing_and_legal	Community_engagement	Workflow_management_systems	Standardized_input_and_output_formats	Assessment_against_benchmarks	Containerization	Documentation	Scalability_and_parallelization	Rating
apComplex	Not archived or hosted in unreliable locations.	Comprehensive version control with regular updates, clear changelogs, and active maintenance.	Fully open-source and the code is available	Minimal engagement, limited to one platform (e.g., GitHub issues or a single forum).	No evidence of community engagement or support.	Input/output formats are unknown or non-standard.	Tested only at the time of initial tool publication.	Not containerized or dependency management is manual.	Sufficient documentation but lacks a manual or comprehensive logging/reporting.	The tool has unknown or no built-in scalability or parallelization capabilities. It struggles to handle large datasets efficiently and cannot leverage cloud or HPC resources.	1
AUTOHD	Not archived or hosted in unreliable locations.	No version control, tool is deprecated or unreliable.	Open source but with restrictions (e.g., limited commercial use or missing code access).	No evidence of community engagement or support.	Cannot integrate into workflow management systems.	Input/output formats are unknown or non-standard.	No benchmarking or testing reported.	Not containerized or dependency management is manual.	Lacks a manual; minimal or unclear documentation, logging, or reporting.	The tool has unknown or no built-in scalability or parallelization capabilities. It struggles to handle large datasets efficiently and cannot leverage cloud or HPC resources.	1
CODA	Archived data or tool in a trusted repository.	Minimal or inconsistent version control, tool still functional but not actively maintained.	Fully open-source with a permissive license (e.g., MIT, Apache), code publicly available.	Minimal engagement, limited to one platform (e.g., GitHub issues or a single forum).	Cannot integrate into workflow management systems.	Input/output formats are unknown or non-standard.	No benchmarking or testing reported.	Not containerized or dependency management is manual.	Lacks a manual; minimal or unclear documentation, logging, or reporting.	The tool has unknown or no built-in scalability or parallelization capabilities. It struggles to handle large datasets efficiently and cannot leverage cloud or HPC resources.	1
CPM	Not archived or hosted in unreliable locations.	No version control, tool is deprecated or unreliable.	Open source but with restrictions (e.g., limited commercial use or missing code access).	No evidence of community engagement or support.	Cannot integrate into workflow management systems.	Input/output formats are unknown or non-standard.	No benchmarking or testing reported.	Not containerized or dependency management is manual.	Lacks a manual; minimal or unclear documentation, logging, or reporting.	The tool has unknown or no built-in scalability or parallelization capabilities. It struggles to handle large datasets efficiently and cannot leverage cloud or HPC resources.	1
HDXfit	Not archived or hosted in unreliable locations.	Minimal or inconsistent version control, tool still functional but not actively maintained.	Open source but with restrictions (e.g., limited commercial use or missing code access).	Minimal engagement, limited to one platform (e.g., GitHub issues or a single forum).	Cannot integrate into workflow management systems.	Input/output formats are unknown or non-standard.	No benchmarking or testing reported.	Not containerized or dependency management is manual.	Lacks a manual; minimal or unclear documentation, logging, or reporting.	The tool has unknown or no built-in scalability or parallelization capabilities. It struggles to handle large datasets efficiently and cannot leverage cloud or HPC resources.	1
Isotope calculator	Not archived or hosted in unreliable locations.	No version control, tool is deprecated or unreliable.	Open source but with restrictions (e.g., limited commercial use or missing code access).	No evidence of community engagement or support.	Cannot integrate into workflow management systems.	Input/output formats are unknown or non-standard.	No benchmarking or testing reported.	Not containerized or dependency management is manual.	Lacks a manual; minimal or unclear documentation, logging, or reporting.	The tool has unknown or no built-in scalability or parallelization capabilities. It struggles to handle large datasets efficiently and cannot leverage cloud or HPC resources.	1
MSPLIT	Not archived or hosted in unreliable locations.	No version control, tool is deprecated or unreliable.	Open source but with restrictions (e.g., limited commercial use or missing code access).	No evidence of community engagement or support.	Cannot integrate into workflow management systems.	Input/output formats are unknown or non-standard.	No benchmarking or testing reported.	Not containerized or dependency management is manual.	Lacks a manual; minimal or unclear documentation, logging, or reporting.	The tool has unknown or no built-in scalability or parallelization capabilities. It struggles to handle large datasets efficiently and cannot leverage cloud or HPC resources.	1
muxQuant	Not archived or hosted in unreliable locations.	No version control, tool is deprecated or unreliable.	Open source but with restrictions (e.g., limited commercial use or missing code access).	No evidence of community engagement or support.	Cannot integrate into workflow management systems.	Input/output formats are unknown or non-standard.	No benchmarking or testing reported.	Not containerized or dependency management is manual.	Lacks a manual; minimal or unclear documentation, logging, or reporting.	The tool has unknown or no built-in scalability or parallelization capabilities. It struggles to handle large datasets efficiently and cannot leverage cloud or HPC resources.	1
OBI-Warp	Archived data or tool in a trusted repository.	Minimal or inconsistent version control, tool still functional but not actively maintained.	Open source but with restrictions (e.g., limited commercial use or missing code access).	Minimal engagement, limited to one platform (e.g., GitHub issues or a single forum).	Cannot integrate into workflow management systems.	Input/output formats are unknown or non-standard.	No benchmarking or testing reported.	Not containerized or dependency management is manual.	Lacks a manual; minimal or unclear documentation, logging, or reporting.	The tool has unknown or no built-in scalability or parallelization capabilities. It struggles to handle large datasets efficiently and cannot leverage cloud or HPC resources.	1
PTMProphet	Not archived or hosted in unreliable locations.	No version control, tool is deprecated or unreliable.	Open source but with restrictions (e.g., limited commercial use or missing code access).	No evidence of community engagement or support.	Cannot integrate into workflow management systems.	Formats are non-standard but can be converted with effort.	Tested only at the time of initial tool publication.	Not containerized or dependency management is manual.	Lacks a manual; minimal or unclear documentation, logging, or reporting.	The tool has unknown or no built-in scalability or parallelization capabilities. It struggles to handle large datasets efficiently and cannot leverage cloud or HPC resources.	1
Quant	Not archived or hosted in unreliable locations.	No version control, tool is deprecated or unreliable.	Fully open-source with a permissive license (e.g., MIT, Apache), code publicly available.	No evidence of community engagement or support.	Cannot integrate into workflow management systems.	Uses standardized formats directly, ensuring seamless interoperability with other tools.	No benchmarking or testing reported.	Not containerized or dependency management is manual.	Lacks a manual; minimal or unclear documentation, logging, or reporting.	The tool has unknown or no built-in scalability or parallelization capabilities. It struggles to handle large datasets efficiently and cannot leverage cloud or HPC resources.	1
RAAMS	Not archived or hosted in unreliable locations.	No version control, tool is deprecated or unreliable.	Proprietary or restricted access, requires payment or a limited free trial.	No evidence of community engagement or support.	Cannot integrate into workflow management systems.	Input/output formats are unknown or non-standard.	No benchmarking or testing reported.	Not containerized or dependency management is manual.	Lacks a manual; minimal or unclear documentation, logging, or reporting.	The tool has unknown or no built-in scalability or parallelization capabilities. It struggles to handle large datasets efficiently and cannot leverage cloud or HPC resources.	1
SAINT	Archived data or tool in a trusted repository.	Minimal or inconsistent version control, tool still functional but not actively maintained.	Fully open-source with a permissive license (e.g., MIT, Apache), code publicly available.	Minimal engagement, limited to one platform (e.g., GitHub issues or a single forum).	Cannot integrate into workflow management systems.	Formats are non-standard but can be converted with effort.	Not containerized or dependency management is manual.	Lacks a manual; minimal or unclear documentation, logging, or reporting.	The tool has unknown or no built-in scalability or parallelization capabilities. It struggles to handle large datasets efficiently and cannot leverage cloud or HPC resources.		1
XLink	Not archived or hosted in unreliable locations.	No version control, tool is deprecated or unreliable.	Proprietary or restricted access, requires payment or a limited free trial.	No evidence of community engagement or support.	Cannot integrate into workflow management systems.	Uses standardized formats directly, ensuring seamless interoperability with other tools.	No benchmarking or testing reported.	Not containerized or dependency management is manual.	Lacks a manual; minimal or unclear documentation, logging, or reporting.	The tool has unknown or no built-in scalability or parallelization capabilities. It struggles to handle large datasets efficiently and cannot leverage cloud or HPC resources.	1
AlphaPeptDeep	Both tool and data are archived in trusted, well-maintained repositories (e.g., Zenodo, ProteomeXchange).	Comprehensive version control with regular updates, clear changelogs, and active maintenance.	Fully open-source and the code is available	Active engagement across multiple platforms (e.g., GitHub, forums, Q&A sites) with regular interactions.	Usable as part of a pipeline in workflow systems (e.g., Snakemake, Galaxy).	Uses standardized formats directly, ensuring seamless interoperability with other tools.	Regular benchmarking and validation against widely accepted datasets with updates.	Not containerized or dependency management is manual.	Detailed manual, thorough and clear documentation, and complete logging/reporting.	The tool is designed for high scalability and parallelization, capable of efficiently processing very large datasets. It supports distributed computing, cloud platforms, and HPC environments, with optimization for resource allocation and task distribution.	2
CONAN	Archived data or tool in a trusted repository.	Minimal or inconsistent version control, tool still functional but not actively maintained.	Open source but with restrictions (e.g., limited commercial use or missing code access).	Minimal engagement, limited to one platform (e.g., GitHub issues or a single forum).	Cannot integrate into workflow management systems.	Input/output formats are unknown or non-standard.	Tested only at the time of initial tool publication.	Not containerized or dependency management is manual.	Sufficient documentation but lacks a manual or comprehensive logging/reporting.	The tool has unknown or no built-in scalability or parallelization capabilities. It struggles to handle large datasets efficiently and cannot leverage cloud or HPC resources.	2
DeconMSn	Archived data or tool in a trusted repository.	Minimal or inconsistent version control, tool still functional but not actively maintained.	Fully open-source with a permissive license (e.g., MIT, Apache), code publicly available.	Active engagement across multiple platforms (e.g., GitHub, forums, Q&A sites) with regular interactions.	Usable as part of a pipeline in workflow systems (e.g., Snakemake, Galaxy).	Uses standardized formats directly, ensuring seamless interoperability with other tools.	Tested only at the time of initial tool publication.	Not containerized or dependency management is manual.	Sufficient documentation but lacks a manual or comprehensive logging/reporting.	The tool has unknown or no built-in scalability or parallelization capabilities. It struggles to handle large datasets efficiently and cannot leverage cloud or HPC resources.	2
DeconTools	Archived data or tool in a trusted repository.	Comprehensive version control with regular updates, clear changelogs, and active maintenance.	Fully open-source with a permissive license (e.g., MIT, Apache), code publicly available.	Active engagement across multiple platforms (e.g., GitHub, forums, Q&A sites) with regular interactions.	Usable as part of a pipeline in workflow systems (e.g., Snakemake, Galaxy).	Uses standardized formats directly, ensuring seamless interoperability with other tools.	Tested only at the time of initial tool publication.	Not containerized or dependency management is manual.	Sufficient documentation but lacks a manual or comprehensive logging/reporting.	The tool has unknown or no built-in scalability or parallelization capabilities. It struggles to handle large datasets efficiently and cannot leverage cloud or HPC resources.	2
DeepSTORM3D	Archived data or tool in a trusted repository.	Comprehensive version control with regular updates, clear changelogs, and active maintenance.	Fully open-source with a permissive license (e.g., MIT, Apache), code publicly available.	Minimal engagement, limited to one platform (e.g., GitHub issues or a single forum).	Usable as part of a pipeline in workflow systems (e.g., Snakemake, Galaxy).	Uses standardized formats directly, ensuring seamless interoperability with other tools.	Tested only at the time of initial tool publication.	Not containerized or dependency management is manual.	Sufficient documentation but lacks a manual or comprehensive logging/reporting.	The tool has unknown or no built-in scalability or parallelization capabilities. It struggles to handle large datasets efficiently and cannot leverage cloud or HPC resources.	2
DEP	Both tool and data are archived in trusted, well-maintained repositories (e.g., Zenodo, ProteomeXchange).	Comprehensive version control with regular updates, clear changelogs, and active maintenance.	Fully open-source with a permissive license (e.g., MIT, Apache), code publicly available.	Minimal engagement, limited to one platform (e.g., GitHub issues or a single forum).	Usable as part of a pipeline in workflow systems (e.g., Snakemake, Galaxy).	Uses standardized formats directly, ensuring seamless interoperability with other tools.	Tested only at the time of initial tool publication.	Not containerized or dependency management is manual.	Detailed manual, thorough and clear documentation, and complete logging/reporting.	The tool has unknown or no built-in scalability or parallelization capabilities. It struggles to handle large datasets efficiently and cannot leverage cloud or HPC resources.	2
DFLpred	Archived data or tool in a trusted repository.	Minimal or inconsistent version control, tool still functional but not actively maintained.	Fully open-source with a permissive license (e.g., MIT, Apache), code publicly available.	Minimal engagement, limited to one platform (e.g., GitHub issues or a single forum).	Cannot integrate into workflow management systems.	Uses standardized formats directly, ensuring seamless interoperability with other tools.	Tested only at the time of initial tool publication.	Not containerized or dependency management is manual.	Lacks a manual; minimal or unclear documentation, logging, or reporting.	The tool has unknown or no built-in scalability or parallelization capabilities. It struggles to handle large datasets efficiently and cannot leverage cloud or HPC resources.	2
enviPat	Both tool and data are archived in trusted, well-maintained repositories (e.g., Zenodo, ProteomeXchange).	Minimal or inconsistent version control, tool still functional but not actively maintained.	Fully open-source with a permissive license (e.g., MIT, Apache), code publicly available.	Minimal engagement, limited to one platform (e.g., GitHub issues or a single forum).	Usable as part of a pipeline in workflow systems (e.g., Snakemake, Galaxy).	Uses standardized formats directly, ensuring seamless interoperability with other tools.	Tested only at the time of initial tool publication.	Not containerized or dependency management is manual.	Lacks a manual; minimal or unclear documentation, logging, or reporting.	The tool has unknown or no built-in scalability or parallelization capabilities. It struggles to handle large datasets efficiently and cannot leverage cloud or HPC resources.	2
HIGH-PPI	Both tool and data are archived in trusted, well-maintained repositories (e.g., Zenodo, ProteomeXchange).	Minimal or inconsistent version control, tool still functional but not actively maintained.	Fully open-source with a permissive license (e.g., MIT, Apache), code publicly available.	Minimal engagement, limited to one platform (e.g., GitHub issues or a single forum).	Usable as part of a pipeline in workflow systems (e.g., Snakemake, Galaxy).	Uses standardized formats directly, ensuring seamless interoperability with other tools.	Tested only at the time of initial tool publication.	Not containerized or dependency management is manual.	Lacks a manual; minimal or unclear documentation, logging, or reporting.	The tool has unknown or no built-in scalability or parallelization capabilities. It struggles to handle large datasets efficiently and cannot leverage cloud or HPC resources.	2
IDBac	Archived data or tool in a trusted repository.	Minimal or inconsistent version control, tool still functional but not actively maintained.	Fully open-source with a permissive license (e.g., MIT, Apache), code publicly available.	Active engagement across multiple platforms (e.g., GitHub, forums, Q&A sites) with regular interactions.	Cannot integrate into workflow management systems.	Uses standardized formats directly, ensuring seamless interoperability with other tools.	Tested only at the time of initial tool publication.	Not containerized or dependency management is manual.	Lacks a manual; minimal or unclear documentation, logging, or reporting.	The tool has unknown or no built-in scalability or parallelization capabilities. It struggles to handle large datasets efficiently and cannot leverage cloud or HPC resources.	2
Informed-Proteomics	Archived data or tool in a trusted repository.	Minimal or inconsistent version control, tool still functional but not actively maintained.	Fully open-source with a permissive license (e.g., MIT, Apache), code publicly available.	Active engagement across multiple platforms (e.g., GitHub, forums, Q&A sites) with regular interactions.	Cannot integrate into workflow management systems.	Uses standardized formats directly, ensuring seamless interoperability with other tools.	Tested only at the time of initial tool publication.	Not containerized or dependency management is manual.	Detailed manual, thorough and clear documentation, and complete logging/reporting.	The tool has unknown or no built-in scalability or parallelization capabilities. It struggles to handle large datasets efficiently and cannot leverage cloud or HPC resources.	2
InsPecT	Not archived or hosted in unreliable locations.	No version control, tool is deprecated or unreliable.	Open source but with restrictions (e.g., limited commercial use or missing code access).	No evidence of community engagement or support.	Cannot integrate into workflow management systems.	Uses standardized formats directly, ensuring seamless interoperability with other tools.	Tested only at the time of initial tool publication.	Not containerized or dependency management is manual.	Detailed manual, thorough and clear documentation, and complete logging/reporting.	The tool has unknown or no built-in scalability or parallelization capabilities. It struggles to handle large datasets efficiently and cannot leverage cloud or HPC resources.	2
IPO	Archived data or tool in a trusted repository.	Minimal or inconsistent version control, tool still functional but not actively maintained.	Fully open-source with a permissive license (e.g., MIT, Apache), code publicly available.	Minimal engagement, limited to one platform (e.g., GitHub issues or a single forum).	Cannot integrate into workflow management systems.	Uses standardized formats directly, ensuring seamless interoperability with other tools.	Tested only at the time of initial tool publication.	Not containerized or dependency management is manual.	Sufficient documentation but lacks a manual or comprehensive logging/reporting.	The tool has unknown or no built-in scalability or parallelization capabilities. It struggles to handle large datasets efficiently and cannot leverage cloud or HPC resources.	2
isobar	Archived data or tool in a trusted repository.	Minimal or inconsistent version control, tool still functional but not actively maintained.	Fully open-source with a permissive license (e.g., MIT, Apache), code publicly available.	Minimal engagement, limited to one platform (e.g., GitHub issues or a single forum).	Cannot integrate into workflow management systems.	Uses standardized formats directly, ensuring seamless interoperability with other tools.	Tested only at the time of initial tool publication.	Not containerized or dependency management is manual.	Sufficient documentation but lacks a manual or comprehensive logging/reporting.	The tool has unknown or no built-in scalability or parallelization capabilities. It struggles to handle large datasets efficiently and cannot leverage cloud or HPC resources.	2
Kojak	Archived data or tool in a trusted repository.	Comprehensive version control with regular updates, clear changelogs, and active maintenance.	Fully open-source with a permissive license (e.g., MIT, Apache), code publicly available.	Active engagement across multiple platforms (e.g., GitHub, forums, Q&A sites) with regular interactions.	Cannot integrate into workflow management systems.	Uses standardized formats directly, ensuring seamless interoperability with other tools.	Tested only at the time of initial tool publication.	Not containerized or dependency management is manual.	Sufficient documentation but lacks a manual or comprehensive logging/reporting.	The tool has unknown or no built-in scalability or parallelization capabilities. It struggles to handle large datasets efficiently and cannot leverage cloud or HPC resources.	2
libmgf	Not archived or hosted in unreliable locations.	No version control, tool is deprecated or unreliable.	Open source but with restrictions (e.g., limited commercial use or missing code access).	Minimal engagement, limited to one platform (e.g., GitHub issues or a single forum).	Usable as part of a pipeline in workflow systems (e.g., Snakemake, Galaxy).	Uses standardized formats directly, ensuring seamless interoperability with other tools.	Tested only at the time of initial tool publication.	Not containerized or dependency management is manual.	Sufficient documentation but lacks a manual or comprehensive logging/reporting.	The tool has unknown or no built-in scalability or parallelization capabilities. It struggles to handle large datasets efficiently and cannot leverage cloud or HPC resources.	2
Libra	Both tool and data are archived in trusted, well-maintained repositories (e.g., Zenodo, ProteomeXchange).	Minimal or inconsistent version control, tool still functional but not actively maintained.	Fully open-source with a permissive license (e.g., MIT, Apache), code publicly available.	Active engagement across multiple platforms (e.g., GitHub, forums, Q&A sites) with regular interactions.	Usable as part of a pipeline in workflow systems (e.g., Snakemake, Galaxy).	Uses standardized formats directly, ensuring seamless interoperability with other tools.	Regular benchmarking and validation against widely accepted datasets with updates.	Partially containerized, e.g., as part of a broader pipeline or incomplete container.	Lacks a manual; minimal or unclear documentation, logging, or reporting.	The tool is designed for high scalability and parallelization, capable of efficiently processing very large datasets. It supports distributed computing, cloud platforms, and HPC environments, with optimization for resource allocation and task distribution.	2
localCIDER	Archived data or tool in a trusted repository.	Minimal or inconsistent version control, tool still functional but not actively maintained.	Fully open-source with a permissive license (e.g., MIT, Apache), code publicly available.	Minimal engagement, limited to one platform (e.g., GitHub issues or a single forum).	Cannot integrate into workflow management systems.	Formats are non-standard but can be converted with effort.	Tested only at the time of initial tool publication.	Not containerized or dependency management is manual.	Sufficient documentation but lacks a manual or comprehensive logging/reporting.	The tool has unknown or no built-in scalability or parallelization capabilities. It struggles to handle large datasets efficiently and cannot leverage cloud or HPC resources.	2
LutefiskXP	Not archived or hosted in unreliable locations.	Minimal or inconsistent version control, tool still functional but not actively maintained.	Fully open-source with a permissive license (e.g., MIT, Apache), code publicly available.	Minimal engagement, limited to one platform (e.g., GitHub issues or a single forum).	Cannot integrate into workflow management systems.	Uses standardized formats directly, ensuring seamless interoperability with other tools.	Tested only at the time of initial tool publication.	Not containerized or dependency management is manual.	Lacks a manual; minimal or unclear documentation, logging, or reporting.	The tool has unknown or no built-in scalability or parallelization capabilities. It struggles to handle large datasets efficiently and cannot leverage cloud or HPC resources.	2
MALDIquant	Archived data or tool in a trusted repository.	Comprehensive version control with regular updates, clear changelogs, and active maintenance.	Fully open-source with a permissive license (e.g., MIT, Apache), code publicly available.	Minimal engagement, limited to one platform (e.g., GitHub issues or a single forum).	Usable as part of a pipeline in workflow systems (e.g., Snakemake, Galaxy).	Uses standardized formats directly, ensuring seamless interoperability with other tools.	Tested only at the time of initial tool publication.	Partially containerized, e.g., as part of a broader pipeline or incomplete container.	Sufficient documentation but lacks a manual or comprehensive logging/reporting.	The tool has unknown or no built-in scalability or parallelization capabilities. It struggles to handle large datasets efficiently and cannot leverage cloud or HPC resources.	2
MAPDIA	Archived data or tool in a trusted repository.	Minimal or inconsistent version control, tool still functional but not actively maintained.	Fully open-source with a permissive license (e.g., MIT, Apache), code publicly available.	Minimal engagement, limited to one platform (e.g., GitHub issues or a single forum).	Cannot integrate into workflow management systems.	Uses standardized formats directly, ensuring seamless interoperability with other tools.	Tested only at the time of initial tool publication.	Not containerized or dependency management is manual.	Lacks a manual; minimal or unclear documentation, logging, or reporting.	The tool has unknown or no built-in scalability or parallelization capabilities. It struggles to handle large datasets efficiently and cannot leverage cloud or HPC resources.	2
MassSpecWavelet	Archived data or tool in a trusted repository.	Comprehensive version control with regular updates, clear changelogs, and active maintenance.	Fully open-source with a permissive license (e.g., MIT, Apache), code publicly available.	Minimal engagement, limited to one platform (e.g., GitHub issues or a single forum).	Usable as part of a pipeline in workflow systems (e.g., Snakemake, Galaxy).	Uses standardized formats directly, ensuring seamless interoperability with other tools.	Tested only at the time of initial tool publication.	Fully containerized (e.g., Docker, Singularity) with comprehensive dependency management.	Sufficient documentation but lacks a manual or comprehensive logging/reporting.	The tool has unknown or no built-in scalability or parallelization capabilities. It struggles to handle large datasets efficiently and cannot leverage cloud or HPC resources.	2
MassyTools	Archived data or tool in a trusted repository.	Comprehensive version control with regular updates, clear changelogs, and active maintenance.	Fully open-source with a permissive license (e.g., MIT, Apache), code publicly available.	Minimal engagement, limited to one platform (e.g., GitHub issues or a single forum).	Usable as part of a pipeline in workflow systems (e.g., Snakemake, Galaxy).	Uses standardized formats directly, ensuring seamless interoperability with other tools.	Tested only at the time of initial tool publication.	Not containerized or dependency management is manual.	Sufficient documentation but lacks a manual or comprehensive logging/reporting.	The tool has unknown or no built-in scalability or parallelization capabilities. It struggles to handle large datasets efficiently and cannot leverage cloud or HPC resources.	2
matter	Archived data or tool in a trusted repository.	Comprehensive version control with regular updates, clear changelogs, and active maintenance.	Fully open-source with a permissive license (e.g., MIT, Apache), code publicly available.	Minimal engagement, limited to one platform (e.g., GitHub issues or a single forum).	Usable as part of a pipeline in workflow systems (e.g., Snakemake, Galaxy).	Uses standardized formats directly, ensuring seamless interoperability with other tools.	Tested only at the time of initial tool publication.	Not containerized or dependency management is manual.	Sufficient documentation but lacks a manual or comprehensive logging/reporting.	The tool has unknown or no built-in scalability or parallelization capabilities. It struggles to handle large datasets efficiently and cannot leverage cloud or HPC resources.	2
Morpheus	Archived data or tool in a trusted repository.	Comprehensive version control with regular updates, clear changelogs, and active maintenance.	Fully open-source with a permissive license (e.g., MIT, Apache), code publicly available.	Active engagement across multiple platforms (e.g., GitHub, forums, Q&A sites) with regular interactions.	Usable as part of a pipeline in workflow systems (e.g., Snakemake, Galaxy).	Uses standardized formats directly, ensuring seamless interoperability with other tools.	Tested only at the time of initial tool publication.	Not containerized or dependency management is manual.	Sufficient documentation but lacks a manual or comprehensive logging/reporting.	The tool has unknown or no built-in scalability or parallelization capabilities. It struggles to handle large datasets efficiently and cannot leverage cloud or HPC resources.	2
MS Amanda	Not archived or hosted in unreliable locations.	Comprehensive version control with regular updates, clear changelogs, and active maintenance.	Open source but with restrictions (e.g., limited commercial use or missing code access).	Minimal engagement, limited to one platform (e.g., GitHub issues or a single forum).	Usable as part of a pipeline in workflow systems (e.g., Snakemake, Galaxy).	Uses standardized formats directly, ensuring seamless interoperability with other tools.	Tested only at the time of initial tool publication.	Partially containerized, e.g., as part of a broader pipeline or incomplete container.	Sufficient documentation but lacks a manual or comprehensive logging/reporting.	The tool is designed for high scalability and parallelization, capable of efficiently processing very large datasets. It supports distributed computing, cloud platforms, and HPC environments, with optimization for resource allocation and task distribution.	2
msalign2	Not archived or hosted in unreliable locations.	Minimal or inconsistent version control, tool still functional but not actively maintained.	Fully open-source with a permissive license (e.g., MIT, Apache), code publicly available.	No evidence of community engagement or support.	Usable as part of a pipeline in workflow systems (e.g., Snakemake, Galaxy).	Uses standardized formats directly, ensuring seamless interoperability with other tools.	No benchmarking or testing reported.	Not containerized or dependency management is manual.	Lacks a manual; minimal or unclear documentation, logging, or reporting.	The tool has unknown or no built-in scalability or parallelization capabilities. It struggles to handle large datasets efficiently and cannot leverage cloud or HPC resources.	2
MSnID	Archived data or tool in a trusted repository.	Minimal or inconsistent version control, tool still functional but not actively maintained.	Fully open-source with a permissive license (e.g., MIT, Apache), code publicly available.	Minimal engagement, limited to one platform (e.g., GitHub issues or a single forum).	Usable as part of a pipeline in workflow systems (e.g., Snakemake, Galaxy).	Uses standardized formats directly, ensuring seamless interoperability with other tools.	Tested only at the time of initial tool publication.	Fully containerized (e.g., Docker, Singularity) with comprehensive dependency management.	Sufficient documentation but lacks a manual or comprehensive logging/reporting.	The tool has unknown or no built-in scalability or parallelization capabilities. It struggles to handle large datasets efficiently and cannot leverage cloud or HPC resources.	2
NMRFAM-SPARKY	Archived data or tool in a trusted repository.	Minimal or inconsistent version control, tool still functional but not actively maintained.	Fully open-source with a permissive license (e.g., MIT, Apache), code publicly available.	Minimal engagement, limited to one platform (e.g., GitHub issues or a single forum).	Cannot integrate into workflow management systems.	Formats are non-standard but can be converted with effort.	No benchmarking or testing reported.	Not containerized or dependency management is manual.	Lacks a manual; minimal or unclear documentation, logging, or reporting.	The tool has unknown or no built-in scalability or parallelization capabilities. It struggles to handle large datasets efficiently and cannot leverage cloud or HPC resources.	2
pepXMLTab	Archived data or tool in a trusted repository.	Comprehensive version control with regular updates, clear changelogs, and active maintenance.	Fully open-source with a permissive license (e.g., MIT, Apache), code publicly available.	Minimal engagement, limited to one platform (e.g., GitHub issues or a single forum).	Usable as part of a pipeline in workflow systems (e.g., Snakemake, Galaxy).	Uses standardized formats directly, ensuring seamless interoperability with other tools.	Tested only at the time of initial tool publication.	Not containerized or dependency management is manual.	Sufficient documentation but lacks a manual or comprehensive logging/reporting.	The tool has unknown or no built-in scalability or parallelization capabilities. It struggles to handle large datasets efficiently and cannot leverage cloud or HPC resources.	2
pftools	Both tool and data are archived in trusted, well-maintained repositories (e.g., Zenodo, ProteomeXchange).	Minimal or inconsistent version control, tool still functional but not actively maintained.	Fully open-source with a permissive license (e.g., MIT, Apache), code publicly available.	Minimal engagement, limited to one platform (e.g., GitHub issues or a single forum).	Usable as part of a pipeline in workflow systems (e.g., Snakemake, Galaxy).	Uses standardized formats directly, ensuring seamless interoperability with other tools.	No benchmarking or testing reported.	Fully containerized (e.g., Docker, Singularity) with comprehensive dependency management.	Sufficient documentation but lacks a manual or comprehensive logging/reporting.	The tool supports basic scalability. It can handle moderately large datasets but may not fully utilize advanced computational resources.	2
PIA - Protein Inference Algorithms	Archived data or tool in a trusted repository.	Comprehensive version control with regular updates, clear changelogs, and active maintenance.	Fully open-source with a permissive license (e.g., MIT, Apache), code publicly available.	Minimal engagement, limited to one platform (e.g., GitHub issues or a single forum).	Usable as part of a pipeline in workflow systems (e.g., Snakemake, Galaxy).	Uses standardized formats directly, ensuring seamless interoperability with other tools.	Tested only at the time of initial tool publication.	Fully containerized (e.g., Docker, Singularity) with comprehensive dependency management.	Sufficient documentation but lacks a manual or comprehensive logging/reporting.	The tool supports basic scalability. It can handle moderately large datasets but may not fully utilize advanced computational resources.	2
Prostar	Archived data or tool in a trusted repository.	Comprehensive version control with regular updates, clear changelogs, and active maintenance.	Fully open-source with a permissive license (e.g., MIT, Apache), code publicly available.	Active engagement across multiple platforms (e.g., GitHub, forums, Q&A sites) with regular interactions.	Usable as part of a pipeline in workflow systems (e.g., Snakemake, Galaxy).	Uses standardized formats directly, ensuring seamless interoperability with other tools.	Tested only at the time of initial tool publication.	Not containerized or dependency management is manual.	Detailed manual, thorough and clear documentation, and complete logging/reporting.	The tool supports basic scalability. It can handle moderately large datasets but may not fully utilize advanced computational resources.	2
ProtGenerics	Archived data or tool in a trusted repository.	Comprehensive version control with regular updates, clear changelogs, and active maintenance.	Fully open-source with a permissive license (e.g., MIT, Apache), code publicly available.	Minimal engagement, limited to one platform (e.g., GitHub issues or a single forum).	Usable as part of a pipeline in workflow systems (e.g., Snakemake, Galaxy).	Uses standardized formats directly, ensuring seamless interoperability with other tools.	Tested only at the time of initial tool publication.	Fully containerized (e.g., Docker, Singularity) with comprehensive dependency management.	Sufficient documentation but lacks a manual or comprehensive logging/reporting.	The tool has unknown or no built-in scalability or parallelization capabilities. It struggles to handle large datasets efficiently and cannot leverage cloud or HPC resources.	2
Rdisop	Archived data or tool in a trusted repository.	Comprehensive version control with regular updates, clear changelogs, and active maintenance.	Fully open-source with a permissive license (e.g., MIT, Apache), code publicly available.	Minimal engagement, limited to one platform (e.g., GitHub issues or a single forum).	Cannot integrate into workflow management systems.	Formats are non-standard but can be converted with effort.	Tested only at the time of initial tool publication.	Fully containerized (e.g., Docker, Singularity) with comprehensive dependency management.	Lacks a manual; minimal or unclear documentation, logging, or reporting.	The tool has unknown or no built-in scalability or parallelization capabilities. It struggles to handle large datasets efficiently and cannot leverage cloud or HPC resources.	2
Sirius	Both tool and data are archived in trusted, well-maintained repositories (e.g., Zenodo, ProteomeXchange).	Comprehensive version control with regular updates, clear changelogs, and active maintenance.	Open source but with restrictions (e.g., limited commercial use or missing code access).	Active engagement across multiple platforms (e.g., GitHub, forums, Q&A sites) with regular interactions.	Usable as part of a pipeline in workflow systems (e.g., Snakemake, Galaxy).	Uses standardized formats directly, ensuring seamless interoperability with other tools.	Tested only at the time of initial tool publication.	Not containerized or dependency management is manual.	Detailed manual, thorough and clear documentation, and complete logging/reporting.	The tool supports basic scalability. It can handle moderately large datasets but may not fully utilize advanced computational resources.	2
SpecArray	Archived data or tool in a trusted repository.	Minimal or inconsistent version control, tool still functional but not actively maintained.	Open source but with restrictions (e.g., limited commercial use or missing code access).	Minimal engagement, limited to one platform (e.g., GitHub issues or a single forum).	Usable as part of a pipeline in workflow systems (e.g., Snakemake, Galaxy).	Uses standardized formats directly, ensuring seamless interoperability with other tools.	Tested only at the time of initial tool publication.	Not containerized or dependency management is manual.	Lacks a manual; minimal or unclear documentation, logging, or reporting.	The tool has unknown or no built-in scalability or parallelization capabilities. It struggles to handle large datasets efficiently and cannot leverage cloud or HPC resources.	2
statTarget	Archived data or tool in a trusted repository.	Minimal or inconsistent version control, tool still functional but not actively maintained.	Fully open-source with a permissive license (e.g., MIT, Apache), code publicly available.	Minimal engagement, limited to one platform (e.g., GitHub issues or a single forum).	Usable as part of a pipeline in workflow systems (e.g., Snakemake, Galaxy).	Formats are non-standard but can be converted with effort.	Tested only at the time of initial tool publication.	Not containerized or dependency management is manual.	Lacks a manual; minimal or unclear documentation, logging, or reporting.	The tool has unknown or no built-in scalability or parallelization capabilities. It struggles to handle large datasets efficiently and cannot leverage cloud or HPC resources.	2
SuperHirn	Not archived or hosted in unreliable locations.	Minimal or inconsistent version control, tool still functional but not actively maintained.	Fully open-source with a permissive license (e.g., MIT, Apache), code publicly available.	Minimal engagement, limited to one platform (e.g., GitHub issues or a single forum).	Usable as part of a pipeline in workflow systems (e.g., Snakemake, Galaxy).	Formats are non-standard but can be converted with effort.	Tested only at the time of initial tool publication.	Not containerized or dependency management is manual.	Detailed manual, thorough and clear documentation, and complete logging/reporting.	The tool has unknown or no built-in scalability or parallelization capabilities. It struggles to handle large datasets efficiently and cannot leverage cloud or HPC resources.	2
SwathXtend	Not archived or hosted in unreliable locations.	Comprehensive version control with regular updates, clear changelogs, and active maintenance.	Fully open-source with a permissive license (e.g., MIT, Apache), code publicly available.	Minimal engagement, limited to one platform (e.g., GitHub issues or a single forum).	Usable as part of a pipeline in workflow systems (e.g., Snakemake, Galaxy).	Uses standardized formats directly, ensuring seamless interoperability with other tools.	No benchmarking or testing reported.	Not containerized or dependency management is manual.	Lacks a manual; minimal or unclear documentation, logging, or reporting.	The tool has unknown or no built-in scalability or parallelization capabilities. It struggles to handle large datasets efficiently and cannot leverage cloud or HPC resources.	2
synapter	Not archived or hosted in unreliable locations.	Minimal or inconsistent version control, tool still functional but not actively maintained.	Fully open-source with a permissive license (e.g., MIT, Apache), code publicly available.	Minimal engagement, limited to one platform (e.g., GitHub issues or a single forum).	Usable as part of a pipeline in workflow systems (e.g., Snakemake, Galaxy).	Uses standardized formats directly, ensuring seamless interoperability with other tools.	Tested only at the time of initial tool publication.	Not containerized or dependency management is manual.	Detailed manual, thorough and clear documentation, and complete logging/reporting.	The tool has unknown or no built-in scalability or parallelization capabilities. It struggles to handle large datasets efficiently and cannot leverage cloud or HPC resources.	2
TCGA-Assembler 2	Archived data or tool in a trusted repository.	Minimal or inconsistent version control, tool still functional but not actively maintained.	Fully open-source with a permissive license (e.g., MIT, Apache), code publicly available.	Minimal engagement, limited to one platform (e.g., GitHub issues or a single forum).	Cannot integrate into workflow management systems.	Uses standardized formats directly, ensuring seamless interoperability with other tools.	Tested only at the time of initial tool publication.	Not containerized or dependency management is manual.	Lacks a manual; minimal or unclear documentation, logging, or reporting.	The tool has unknown or no built-in scalability or parallelization capabilities. It struggles to handle large datasets efficiently and cannot leverage cloud or HPC resources.	2
ASAPRatio	Archived data or tool in a trusted repository.	Comprehensive version control with regular updates, clear changelogs, and active maintenance.	Fully open-source with a permissive license (e.g., MIT, Apache), code publicly available.	Active engagement across multiple platforms (e.g., GitHub, forums, Q&A sites) with regular interactions.	Usable as part of a pipeline in workflow systems (e.g., Snakemake, Galaxy).	Uses standardized formats directly, ensuring seamless interoperability with other tools.	Regular benchmarking and validation against widely accepted datasets with updates.	Partially containerized, e.g., as part of a broader pipeline or incomplete container.	Detailed manual, thorough and clear documentation, and complete logging/reporting.	The tool is designed for high scalability and parallelization, capable of efficiently processing very large datasets. It supports distributed computing, cloud platforms, and HPC environments, with optimization for resource allocation and task distribution.	3
Cardinal	Archived data or tool in a trusted repository.	Comprehensive version control with regular updates, clear changelogs, and active maintenance.	Fully open-source with a permissive license (e.g., MIT, Apache), code publicly available.	Active engagement across multiple platforms (e.g., GitHub, forums, Q&A sites) with regular interactions.	Usable as part of a pipeline in workflow systems (e.g., Snakemake, Galaxy).	Formats are non-standard but can be converted with effort.	Regular benchmarking and validation against widely accepted datasets with updates.	Fully containerized (e.g., Docker, Singularity) with comprehensive dependency management.	Detailed manual, thorough and clear documentation, and complete logging/reporting.	The tool has unknown or no built-in scalability or parallelization capabilities. It struggles to handle large datasets efficiently and cannot leverage cloud or HPC resources.	3
Comet	Archived data or tool in a trusted repository.	Comprehensive version control with regular updates, clear changelogs, and active maintenance.	Fully open-source with a permissive license (e.g., MIT, Apache), code publicly available.	Active engagement across multiple platforms (e.g., GitHub, forums, Q&A sites) with regular interactions.	Fully compatible and integrated with workflow management systems for automation.	Uses standardized formats directly, ensuring seamless interoperability with other tools.	Regular benchmarking and validation against widely accepted datasets with updates.	Fully containerized (e.g., Docker, Singularity) with comprehensive dependency management.	Detailed manual, thorough and clear documentation, and complete logging/reporting.	The tool is designed for high scalability and parallelization, capable of efficiently processing very large datasets. It supports distributed computing, cloud platforms, and HPC environments, with optimization for resource allocation and task distribution.	3
Compomics-utilities	Both tool and data are archived in trusted, well-maintained repositories (e.g., Zenodo, ProteomeXchange).	Comprehensive version control with regular updates, clear changelogs, and active maintenance.	Open source but with restrictions (e.g., limited commercial use or missing code access).	Active engagement across multiple platforms (e.g., GitHub, forums, Q&A sites) with regular interactions.	Fully compatible and integrated with workflow management systems for automation.	Uses standardized formats directly, ensuring seamless interoperability with other tools.	Regular benchmarking and validation against widely accepted datasets with updates.	Partially containerized, e.g., as part of a broader pipeline or incomplete container.	Detailed manual, thorough and clear documentation, and complete logging/reporting.	The tool is designed for high scalability and parallelization, capable of efficiently processing very large datasets. It supports distributed computing, cloud platforms, and HPC environments, with optimization for resource allocation and task distribution.	3
DAPAR	Archived data or tool in a trusted repository.	Comprehensive version control with regular updates, clear changelogs, and active maintenance.	Fully open-source with a permissive license (e.g., MIT, Apache), code publicly available.	Active engagement across multiple platforms (e.g., GitHub, forums, Q&A sites) with regular interactions.	Usable as part of a pipeline in workflow systems (e.g., Snakemake, Galaxy).	Uses standardized formats directly, ensuring seamless interoperability with other tools.	Regular benchmarking and validation against widely accepted datasets with updates.	Fully containerized (e.g., Docker, Singularity) with comprehensive dependency management.	Detailed manual, thorough and clear documentation, and complete logging/reporting.	The tool is designed for high scalability and parallelization, capable of efficiently processing very large datasets. It supports distributed computing, cloud platforms, and HPC environments, with optimization for resource allocation and task distribution.	3
Denovogui	Archived data or tool in a trusted repository.	Comprehensive version control with regular updates, clear changelogs, and active maintenance.	Fully open-source with a permissive license (e.g., MIT, Apache), code publicly available.	Active engagement across multiple platforms (e.g., GitHub, forums, Q&A sites) with regular interactions.	Usable as part of a pipeline in workflow systems (e.g., Snakemake, Galaxy).	Uses standardized formats directly, ensuring seamless interoperability with other tools.	Tested only at the time of initial tool publication.	Fully containerized (e.g., Docker, Singularity) with comprehensive dependency management.	Detailed manual, thorough and clear documentation, and complete logging/reporting.	The tool is designed for high scalability and parallelization, capable of efficiently processing very large datasets. It supports distributed computing, cloud platforms, and HPC environments, with optimization for resource allocation and task distribution.	3
DIA-NN	Both tool and data are archived in trusted, well-maintained repositories (e.g., Zenodo, ProteomeXchange).	Comprehensive version control with regular updates, clear changelogs, and active maintenance.	Fully open-source with a permissive license (e.g., MIT, Apache), code publicly available.	Active engagement across multiple platforms (e.g., GitHub, forums, Q&A sites) with regular interactions.	Fully compatible and integrated with workflow management systems for automation.	Uses standardized formats directly, ensuring seamless interoperability with other tools.	Regular benchmarking and validation against widely accepted datasets with updates.	Fully containerized (e.g., Docker, Singularity) with comprehensive dependency management.	Detailed manual, thorough and clear documentation, and complete logging/reporting.	The tool is designed for high scalability and parallelization, capable of efficiently processing very large datasets. It supports distributed computing, cloud platforms, and HPC environments, with optimization for resource allocation and task distribution.	3
DIA-Umpire	Both tool and data are archived in trusted, well-maintained repositories (e.g., Zenodo, ProteomeXchange).	Comprehensive version control with regular updates, clear changelogs, and active maintenance.	Fully open-source with a permissive license (e.g., MIT, Apache), code publicly available.	Active engagement across multiple platforms (e.g., GitHub, forums, Q&A sites) with regular interactions.	Fully compatible and integrated with workflow management systems for automation.	Uses standardized formats directly, ensuring seamless interoperability with other tools.	Regular benchmarking and validation against widely accepted datasets with updates.	Fully containerized (e.g., Docker, Singularity) with comprehensive dependency management.	Sufficient documentation but lacks a manual or comprehensive logging/reporting.	The tool is designed for high scalability and parallelization, capable of efficiently processing very large datasets. It supports distributed computing, cloud platforms, and HPC environments, with optimization for resource allocation and task distribution.	3
metapredict	Archived data or tool in a trusted repository.	Comprehensive version control with regular updates, clear changelogs, and active maintenance.	Fully open-source with a permissive license (e.g., MIT, Apache), code publicly available.	Minimal engagement, limited to one platform (e.g., GitHub issues or a single forum).	Usable as part of a pipeline in workflow systems (e.g., Snakemake, Galaxy).	Uses standardized formats directly, ensuring seamless interoperability with other tools.	Tested only at the time of initial tool publication.	Fully containerized (e.g., Docker, Singularity) with comprehensive dependency management.	Detailed manual, thorough and clear documentation, and complete logging/reporting.	The tool is designed for high scalability and parallelization, capable of efficiently processing very large datasets. It supports distributed computing, cloud platforms, and HPC environments, with optimization for resource allocation and task distribution.	3
MSFragger	Archived data or tool in a trusted repository.	Comprehensive version control with regular updates, clear changelogs, and active maintenance.	Fully open-source with a permissive license (e.g., MIT, Apache), code publicly available.	Active engagement across multiple platforms (e.g., GitHub, forums, Q&A sites) with regular interactions.	Fully compatible and integrated with workflow management systems for automation.	Uses standardized formats directly, ensuring seamless interoperability with other tools.	Tested only at the time of initial tool publication.	Fully containerized (e.g., Docker, Singularity) with comprehensive dependency management.	Detailed manual, thorough and clear documentation, and complete logging/reporting.	The tool is designed for high scalability and parallelization, capable of efficiently processing very large datasets. It supports distributed computing, cloud platforms, and HPC environments, with optimization for resource allocation and task distribution.	3
MS-GF+	Archived data or tool in a trusted repository.	Comprehensive version control with regular updates, clear changelogs, and active maintenance.	Fully open-source with a permissive license (e.g., MIT, Apache), code publicly available.	Active engagement across multiple platforms (e.g., GitHub, forums, Q&A sites) with regular interactions.	Fully compatible and integrated with workflow management systems for automation.	Uses standardized formats directly, ensuring seamless interoperability with other tools.	Tested only at the time of initial tool publication.	Fully containerized (e.g., Docker, Singularity) with comprehensive dependency management.	Detailed manual, thorough and clear documentation, and complete logging/reporting.	The tool is designed for high scalability and parallelization, capable of efficiently processing very large datasets. It supports distributed computing, cloud platforms, and HPC environments, with optimization for resource allocation and task distribution.	3
MSnbase	Archived data or tool in a trusted repository.	Comprehensive version control with regular updates, clear changelogs, and active maintenance.	Fully open-source with a permissive license (e.g., MIT, Apache), code publicly available.	Minimal engagement, limited to one platform (e.g., GitHub issues or a single forum).	Usable as part of a pipeline in workflow systems (e.g., Snakemake, Galaxy).	Uses standardized formats directly, ensuring seamless interoperability with other tools.	Tested only at the time of initial tool publication.	Fully containerized (e.g., Docker, Singularity) with comprehensive dependency management.	Detailed manual, thorough and clear documentation, and complete logging/reporting.	The tool supports basic scalability. It can handle moderately large datasets but may not fully utilize advanced computational resources.	3
mzR	Archived data or tool in a trusted repository.	Comprehensive version control with regular updates, clear changelogs, and active maintenance.	Fully open-source with a permissive license (e.g., MIT, Apache), code publicly available.	Minimal engagement, limited to one platform (e.g., GitHub issues or a single forum).	Usable as part of a pipeline in workflow systems (e.g., Snakemake, Galaxy).	Uses standardized formats directly, ensuring seamless interoperability with other tools.	Tested only at the time of initial tool publication.	Fully containerized (e.g., Docker, Singularity) with comprehensive dependency management.	Detailed manual, thorough and clear documentation, and complete logging/reporting.	The tool supports basic scalability. It can handle moderately large datasets but may not fully utilize advanced computational resources.	3
OpenMS	Both tool and data are archived in trusted, well-maintained repositories (e.g., Zenodo, ProteomeXchange).	Comprehensive version control with regular updates, clear changelogs, and active maintenance.	Fully open-source with a permissive license (e.g., MIT, Apache), code publicly available.	Active engagement across multiple platforms (e.g., GitHub, forums, Q&A sites) with regular interactions.	Fully compatible and integrated with workflow management systems for automation.	Uses standardized formats directly, ensuring seamless interoperability with other tools.	Regular benchmarking and validation against widely accepted datasets with updates.	Fully containerized (e.g., Docker, Singularity) with comprehensive dependency management.	Detailed manual, thorough and clear documentation, and complete logging/reporting.	The tool is designed for high scalability and parallelization, capable of efficiently processing very large datasets. It supports distributed computing, cloud platforms, and HPC environments, with optimization for resource allocation and task distribution.	3
PECAN (PEptide-Centric Analysis)	Both tool and data are archived in trusted, well-maintained repositories (e.g., Zenodo, ProteomeXchange).	Comprehensive version control with regular updates, clear changelogs, and active maintenance.	Fully open-source with a permissive license (e.g., MIT, Apache), code publicly available.	Active engagement across multiple platforms (e.g., GitHub, forums, Q&A sites) with regular interactions.	Fully compatible and integrated with workflow management systems for automation.	Uses standardized formats directly, ensuring seamless interoperability with other tools.	Regular benchmarking and validation against widely accepted datasets with updates.	Fully containerized (e.g., Docker, Singularity) with comprehensive dependency management.	Detailed manual, thorough and clear documentation, and complete logging/reporting.	The tool is designed for high scalability and parallelization, capable of efficiently processing very large datasets. It supports distributed computing, cloud platforms, and HPC environments, with optimization for resource allocation and task distribution.	3
Pep3D	Both tool and data are archived in trusted, well-maintained repositories (e.g., Zenodo, ProteomeXchange).	Comprehensive version control with regular updates, clear changelogs, and active maintenance.	Fully open-source with a permissive license (e.g., MIT, Apache), code publicly available.	Active engagement across multiple platforms (e.g., GitHub, forums, Q&A sites) with regular interactions.	Fully compatible and integrated with workflow management systems for automation.	Uses standardized formats directly, ensuring seamless interoperability with other tools.	Regular benchmarking and validation against widely accepted datasets with updates.	Fully containerized (e.g., Docker, Singularity) with comprehensive dependency management.	Detailed manual, thorough and clear documentation, and complete logging/reporting.	The tool is designed for high scalability and parallelization, capable of efficiently processing very large datasets. It supports distributed computing, cloud platforms, and HPC environments, with optimization for resource allocation and task distribution.	3
PeptideProphet	Both tool and data are archived in trusted, well-maintained repositories (e.g., Zenodo, ProteomeXchange).	Comprehensive version control with regular updates, clear changelogs, and active maintenance.	Fully open-source with a permissive license (e.g., MIT, Apache), code publicly available.	Active engagement across multiple platforms (e.g., GitHub, forums, Q&A sites) with regular interactions.	Fully compatible and integrated with workflow management systems for automation.	Uses standardized formats directly, ensuring seamless interoperability with other tools.	Regular benchmarking and validation against widely accepted datasets with updates.	Fully containerized (e.g., Docker, Singularity) with comprehensive dependency management.	Detailed manual, thorough and clear documentation, and complete logging/reporting.	The tool is designed for high scalability and parallelization, capable of efficiently processing very large datasets. It supports distributed computing, cloud platforms, and HPC environments, with optimization for resource allocation and task distribution.	3
PeptideShaker	Both tool and data are archived in trusted, well-maintained repositories (e.g., Zenodo, ProteomeXchange).	Comprehensive version control with regular updates, clear changelogs, and active maintenance.	Fully open-source with a permissive license (e.g., MIT, Apache), code publicly available.	Active engagement across multiple platforms (e.g., GitHub, forums, Q&A sites) with regular interactions.	Fully compatible and integrated with workflow management systems for automation.	Uses standardized formats directly, ensuring seamless interoperability with other tools.	Regular benchmarking and validation against widely accepted datasets with updates.	Fully containerized (e.g., Docker, Singularity) with comprehensive dependency management.	Detailed manual, thorough and clear documentation, and complete logging/reporting.	The tool is designed for high scalability and parallelization, capable of efficiently processing very large datasets. It supports distributed computing, cloud platforms, and HPC environments, with optimization for resource allocation and task distribution.	3
pepXML2Excel	Both tool and data are archived in trusted, well-maintained repositories (e.g., Zenodo, ProteomeXchange).	Comprehensive version control with regular updates, clear changelogs, and active maintenance.	Fully open-source with a permissive license (e.g., MIT, Apache), code publicly available.	Active engagement across multiple platforms (e.g., GitHub, forums, Q&A sites) with regular interactions.	Fully compatible and integrated with workflow management systems for automation.	Uses standardized formats directly, ensuring seamless interoperability with other tools.	Regular benchmarking and validation against widely accepted datasets with updates.	Fully containerized (e.g., Docker, Singularity) with comprehensive dependency management.	Sufficient documentation but lacks a manual or comprehensive logging/reporting.	The tool is designed for high scalability and parallelization, capable of efficiently processing very large datasets. It supports distributed computing, cloud platforms, and HPC environments, with optimization for resource allocation and task distribution.	3
Percolator	Archived data or tool in a trusted repository.	Comprehensive version control with regular updates, clear changelogs, and active maintenance.	Fully open-source with a permissive license (e.g., MIT, Apache), code publicly available.	Active engagement across multiple platforms (e.g., GitHub, forums, Q&A sites) with regular interactions.	Fully compatible and integrated with workflow management systems for automation.	Uses standardized formats directly, ensuring seamless interoperability with other tools.	Tested only at the time of initial tool publication.	Fully containerized (e.g., Docker, Singularity) with comprehensive dependency management.	Detailed manual, thorough and clear documentation, and complete logging/reporting.	The tool is designed for high scalability and parallelization, capable of efficiently processing very large datasets. It supports distributed computing, cloud platforms, and HPC environments, with optimization for resource allocation and task distribution.	3
pRolocGUI	Archived data or tool in a trusted repository.	Comprehensive version control with regular updates, clear changelogs, and active maintenance.	Fully open-source with a permissive license (e.g., MIT, Apache), code publicly available.	Active engagement across multiple platforms (e.g., GitHub, forums, Q&A sites) with regular interactions.	Usable as part of a pipeline in workflow systems (e.g., Snakemake, Galaxy).	Uses standardized formats directly, ensuring seamless interoperability with other tools.	Tested only at the time of initial tool publication.	Fully containerized (e.g., Docker, Singularity) with comprehensive dependency management.	Detailed manual, thorough and clear documentation, and complete logging/reporting.	The tool supports basic scalability. It can handle moderately large datasets but may not fully utilize advanced computational resources.	3
ProteomeDigestSim	Both tool and data are archived in trusted, well-maintained repositories (e.g., Zenodo, ProteomeXchange).	Comprehensive version control with regular updates, clear changelogs, and active maintenance.	Fully open-source with a permissive license (e.g., MIT, Apache), code publicly available.	Active engagement across multiple platforms (e.g., GitHub, forums, Q&A sites) with regular interactions.	Usable as part of a pipeline in workflow systems (e.g., Snakemake, Galaxy).	Uses standardized formats directly, ensuring seamless interoperability with other tools.	Regular benchmarking and validation against widely accepted datasets with updates.	Fully containerized (e.g., Docker, Singularity) with comprehensive dependency management.	Detailed manual, thorough and clear documentation, and complete logging/reporting.	The tool is designed for high scalability and parallelization, capable of efficiently processing very large datasets. It supports distributed computing, cloud platforms, and HPC environments, with optimization for resource allocation and task distribution.	3
ProteoWizard	Both tool and data are archived in trusted, well-maintained repositories (e.g., Zenodo, ProteomeXchange).	Comprehensive version control with regular updates, clear changelogs, and active maintenance.	Fully open-source with a permissive license (e.g., MIT, Apache), code publicly available.	Active engagement across multiple platforms (e.g., GitHub, forums, Q&A sites) with regular interactions.	Fully compatible and integrated with workflow management systems for automation.	Uses standardized formats directly, ensuring seamless interoperability with other tools.	Regular benchmarking and validation against widely accepted datasets with updates.	Fully containerized (e.g., Docker, Singularity) with comprehensive dependency management.	Detailed manual, thorough and clear documentation, and complete logging/reporting.	The tool is designed for high scalability and parallelization, capable of efficiently processing very large datasets. It supports distributed computing, cloud platforms, and HPC environments, with optimization for resource allocation and task distribution.	3
PSORTb	Both tool and data are archived in trusted, well-maintained repositories (e.g., Zenodo, ProteomeXchange).	Comprehensive version control with regular updates, clear changelogs, and active maintenance.	Fully open-source with a permissive license (e.g., MIT, Apache), code publicly available.	Active engagement across multiple platforms (e.g., GitHub, forums, Q&A sites) with regular interactions.	Usable as part of a pipeline in workflow systems (e.g., Snakemake, Galaxy).	Uses standardized formats directly, ensuring seamless interoperability with other tools.	Regular benchmarking and validation against widely accepted datasets with updates.	Fully containerized (e.g., Docker, Singularity) with comprehensive dependency management.	Sufficient documentation but lacks a manual or comprehensive logging/reporting.	The tool is designed for high scalability and parallelization, capable of efficiently processing very large datasets. It supports distributed computing, cloud platforms, and HPC environments, with optimization for resource allocation and task distribution.	3
SearchGUI	Both tool and data are archived in trusted, well-maintained repositories (e.g., Zenodo, ProteomeXchange).	Comprehensive version control with regular updates, clear changelogs, and active maintenance.	Fully open-source with a permissive license (e.g., MIT, Apache), code publicly available.	Active engagement across multiple platforms (e.g., GitHub, forums, Q&A sites) with regular interactions.	Fully compatible and integrated with workflow management systems for automation.	Uses standardized formats directly, ensuring seamless interoperability with other tools.	Regular benchmarking and validation against widely accepted datasets with updates.	Fully containerized (e.g., Docker, Singularity) with comprehensive dependency management.	Sufficient documentation but lacks a manual or comprehensive logging/reporting.	The tool is designed for high scalability and parallelization, capable of efficiently processing very large datasets. It supports distributed computing, cloud platforms, and HPC environments, with optimization for resource allocation and task distribution.	3
Tandem2XML	Both tool and data are archived in trusted, well-maintained repositories (e.g., Zenodo, ProteomeXchange).	Comprehensive version control with regular updates, clear changelogs, and active maintenance.	Fully open-source with a permissive license (e.g., MIT, Apache), code publicly available.	Active engagement across multiple platforms (e.g., GitHub, forums, Q&A sites) with regular interactions.	Fully compatible and integrated with workflow management systems for automation.	Uses standardized formats directly, ensuring seamless interoperability with other tools.	Regular benchmarking and validation against widely accepted datasets with updates.	Fully containerized (e.g., Docker, Singularity) with comprehensive dependency management.	Detailed manual, thorough and clear documentation, and complete logging/reporting.	The tool is designed for high scalability and parallelization, capable of efficiently processing very large datasets. It supports distributed computing, cloud platforms, and HPC environments, with optimization for resource allocation and task distribution.	3
Trans-Proteomic Pipeline (TPP)	Both tool and data are archived in trusted, well-maintained repositories (e.g., Zenodo, ProteomeXchange).	Comprehensive version control with regular updates, clear changelogs, and active maintenance.	Fully open-source with a permissive license (e.g., MIT, Apache), code publicly available.	Active engagement across multiple platforms (e.g., GitHub, forums, Q&A sites) with regular interactions.	Fully compatible and integrated with workflow management systems for automation.	Uses standardized formats directly, ensuring seamless interoperability with other tools.	Regular benchmarking and validation against widely accepted datasets with updates.	Fully containerized (e.g., Docker, Singularity) with comprehensive dependency management.	Detailed manual, thorough and clear documentation, and complete logging/reporting.	The tool is designed for high scalability and parallelization, capable of efficiently processing very large datasets. It supports distributed computing, cloud platforms, and HPC environments, with optimization for resource allocation and task distribution.	3
Unipept visualizations	Both tool and data are archived in trusted, well-maintained repositories (e.g., Zenodo, ProteomeXchange).	Comprehensive version control with regular updates, clear changelogs, and active maintenance.	Fully open-source with a permissive license (e.g., MIT, Apache), code publicly available.	Active engagement across multiple platforms (e.g., GitHub, forums, Q&A sites) with regular interactions.	Usable as part of a pipeline in workflow systems (e.g., Snakemake, Galaxy).	Uses standardized formats directly, ensuring seamless interoperability with other tools.	Tested only at the time of initial tool publication.	Fully containerized (e.g., Docker, Singularity) with comprehensive dependency management.	Detailed manual, thorough and clear documentation, and complete logging/reporting.	The tool is designed for high scalability and parallelization, capable of efficiently processing very large datasets. It supports distributed computing, cloud platforms, and HPC environments, with optimization for resource allocation and task distribution.	3
xcms	Archived data or tool in a trusted repository.	Comprehensive version control with regular updates, clear changelogs, and active maintenance.	Fully open-source with a permissive license (e.g., MIT, Apache), code publicly available.	Active engagement across multiple platforms (e.g., GitHub, forums, Q&A sites) with regular interactions.	Fully compatible and integrated with workflow management systems for automation.	Uses standardized formats directly, ensuring seamless interoperability with other tools.	Tested only at the time of initial tool publication.	Fully containerized (e.g., Docker, Singularity) with comprehensive dependency management.	Detailed manual, thorough and clear documentation, and complete logging/reporting.	The tool is designed for high scalability and parallelization, capable of efficiently processing very large datasets. It supports distributed computing, cloud platforms, and HPC environments, with optimization for resource allocation and task distribution.	3
XPRESS	Both tool and data are archived in trusted, well-maintained repositories (e.g., Zenodo, ProteomeXchange).	Comprehensive version control with regular updates, clear changelogs, and active maintenance.	Fully open-source with a permissive license (e.g., MIT, Apache), code publicly available.	Active engagement across multiple platforms (e.g., GitHub, forums, Q&A sites) with regular interactions.	Fully compatible and integrated with workflow management systems for automation.	Uses standardized formats directly, ensuring seamless interoperability with other tools.	Regular benchmarking and validation against widely accepted datasets with updates.	Fully containerized (e.g., Docker, Singularity) with comprehensive dependency management.	Detailed manual, thorough and clear documentation, and complete logging/reporting.	The tool is designed for high scalability and parallelization, capable of efficiently processing very large datasets. It supports distributed computing, cloud platforms, and HPC environments, with optimization for resource allocation and task distribution.	3
XTandem	Archived data or tool in a trusted repository.	Minimal or inconsistent version control, tool still functional but not actively maintained.	Fully open-source with a permissive license (e.g., MIT, Apache), code publicly available.	Active engagement across multiple platforms (e.g., GitHub, forums, Q&A sites) with regular interactions.	Fully compatible and integrated with workflow management systems for automation.	Uses standardized formats directly, ensuring seamless interoperability with other tools.	Tested only at the time of initial tool publication.	Partially containerized, e.g., as part of a broader pipeline or incomplete container.	Detailed manual, thorough and clear documentation, and complete logging/reporting.	The tool is designed for high scalability and parallelization, capable of efficiently processing very large datasets. It supports distributed computing, cloud platforms, and HPC environments, with optimization for resource allocation and task distribution.	3
DACSIM	Not archived or hosted in unreliable locations.	No version control, tool is deprecated or unreliable.	Proprietary or restricted access requires payment or a limited free trial.	No evidence of community engagement or support.	Cannot integrate into workflow management systems.	Input/output formats are unknown or non-standard.	No benchmarking or testing reported.	Not containerized or dependency management is manual.	Lacks a manual; minimal or unclear documentation, logging, or reporting.	The tool has unknown or no built-in scalability or parallelization capabilities. It struggles to handle large datasets efficiently and cannot leverage cloud or HPC resources.	1
libmprc	Not archived or hosted in unreliable locations.	No version control, tool is deprecated or unreliable.	Proprietary or restricted access requires payment or a limited free trial.	No evidence of community engagement or support.	Cannot integrate into workflow management systems.	Input/output formats are unknown or non-standard.	No benchmarking or testing reported.	Not containerized or dependency management is manual.	Lacks a manual; minimal or unclear documentation, logging, or reporting.	The tool has unknown or no built-in scalability or parallelization capabilities. It struggles to handle large datasets efficiently and cannot leverage cloud or HPC resources.	1
Popitam	Not archived or hosted in unreliable locations.	No version control, tool is deprecated or unreliable.	Proprietary or restricted access requires payment or a limited free trial.	No evidence of community engagement or support.	Cannot integrate into workflow management systems.	Input/output formats are unknown or non-standard.	No benchmarking or testing reported.	Not containerized or dependency management is manual.	Lacks a manual; minimal or unclear documentation, logging, or reporting.	The tool has unknown or no built-in scalability or parallelization capabilities. It struggles to handle large datasets efficiently and cannot leverage cloud or HPC resources.	1
sAMPpred-GAT	Not archived or hosted in unreliable locations.	No version control, tool is deprecated or unreliable.	Proprietary or restricted access requires payment or a limited free trial.	No evidence of community engagement or support.	Cannot integrate into workflow management systems.	Input/output formats are unknown or non-standard.	No benchmarking or testing reported.	Not containerized or dependency management is manual.	Lacks a manual; minimal or unclear documentation, logging, or reporting.	The tool has unknown or no built-in scalability or parallelization capabilities. It struggles to handle large datasets efficiently and cannot leverage cloud or HPC resources.	1
Vonode	Not archived or hosted in unreliable locations.	No version control, tool is deprecated or unreliable.	Proprietary or restricted access requires payment or a limited free trial.	No evidence of community engagement or support.	Cannot integrate into workflow management systems.	Input/output formats are unknown or non-standard.	No benchmarking or testing reported.	Not containerized or dependency management is manual.	Lacks a manual; minimal or unclear documentation, logging, or reporting.	The tool has unknown or no built-in scalability or parallelization capabilities. It struggles to handle large datasets efficiently and cannot leverage cloud or HPC resources.	1
DECIPHER	Both tool and data are archived in trusted, well-maintained repositories (e.g., Zenodo, ProteomeXchange).	Comprehensive version control with regular updates, clear changelogs, and active maintenance.	Fully open-source with a permissive license (e.g., MIT, Apache), code publicly available.	Active engagement across multiple platforms (e.g., GitHub, forums, Q&A sites) with regular interactions.	Fully compatible and integrated with workflow management systems for automation.	Uses standardized formats directly, ensuring seamless interoperability with other tools.	Regular benchmarking and validation against widely accepted datasets with updates.	Fully containerized (e.g., Docker, Singularity) with comprehensive dependency management.	Detailed manual, thorough and clear documentation, and complete logging/reporting.	The tool is designed for high scalability and parallelization, capable of efficiently processing very large datasets. It supports distributed computing, cloud platforms, and HPC environments, with optimization for resource allocation and task distribution.	3
decoy.pl	Not archived or hosted in unreliable locations.	No version control, tool is deprecated or unreliable.	Proprietary or restricted access requires payment or a limited free trial.	No evidence of community engagement or support.	Cannot integrate into workflow management systems.	Input/output formats are unknown or non-standard.	No benchmarking or testing reported.	Not containerized or dependency management is manual.	Lacks a manual; minimal or unclear documentation, logging, or reporting.	The tool has unknown or no built-in scalability or parallelization capabilities. It struggles to handle large datasets efficiently and cannot leverage cloud or HPC resources.	1
idconvert	Both tool and data are archived in trusted, well-maintained repositories (e.g., Zenodo, ProteomeXchange).	Comprehensive version control with regular updates, clear changelogs, and active maintenance.	Fully open-source with a permissive license (e.g., MIT, Apache), code publicly available.	Active engagement across multiple platforms (e.g., GitHub, forums, Q&A sites) with regular interactions.	Fully compatible and integrated with workflow management systems for automation.	Uses standardized formats directly, ensuring seamless interoperability with other tools.	Regular benchmarking and validation against widely accepted datasets with updates.	Fully containerized (e.g., Docker, Singularity) with comprehensive dependency management.	Detailed manual, thorough and clear documentation, and complete logging/reporting.	The tool is designed for high scalability and parallelization, capable of efficiently processing very large datasets. It supports distributed computing, cloud platforms, and HPC environments, with optimization for resource allocation and task distribution.	3
massifquant	Not archived or hosted in unreliable locations.	No version control, tool is deprecated or unreliable.	Proprietary or restricted access requires payment or a limited free trial.	No evidence of community engagement or support.	Cannot integrate into workflow management systems.	Input/output formats are unknown or non-standard.	No benchmarking or testing reported.	Not containerized or dependency management is manual.	Lacks a manual; minimal or unclear documentation, logging, or reporting.	The tool has unknown or no built-in scalability or parallelization capabilities. It struggles to handle large datasets efficiently and cannot leverage cloud or HPC resources.	1
metaX	Not archived or hosted in unreliable locations.	No version control, tool is deprecated or unreliable.	Proprietary or restricted access requires payment or a limited free trial.	No evidence of community engagement or support.	Cannot integrate into workflow management systems.	Input/output formats are unknown or non-standard.	No benchmarking or testing reported.	Not containerized or dependency management is manual.	Lacks a manual; minimal or unclear documentation, logging, or reporting.	The tool has unknown or no built-in scalability or parallelization capabilities. It struggles to handle large datasets efficiently and cannot leverage cloud or HPC resources.	1
MitoCarta	Not archived or hosted in unreliable locations.	No version control, tool is deprecated or unreliable.	Proprietary or restricted access requires payment or a limited free trial.	No evidence of community engagement or support.	Cannot integrate into workflow management systems.	Input/output formats are unknown or non-standard.	No benchmarking or testing reported.	Not containerized or dependency management is manual.	Lacks a manual; minimal or unclear documentation, logging, or reporting.	The tool has unknown or no built-in scalability or parallelization capabilities. It struggles to handle large datasets efficiently and cannot leverage cloud or HPC resources.	1
MS-Deconv	Both tool and data are archived in trusted, well-maintained repositories (e.g., Zenodo, ProteomeXchange).	Comprehensive version control with regular updates, clear changelogs, and active maintenance.	Fully open-source with a permissive license (e.g., MIT, Apache), code publicly available.	Active engagement across multiple platforms (e.g., GitHub, forums, Q&A sites) with regular interactions.	Fully compatible and integrated with workflow management systems for automation.	Uses standardized formats directly, ensuring seamless interoperability with other tools.	Regular benchmarking and validation against widely accepted datasets with updates.	Fully containerized (e.g., Docker, Singularity) with comprehensive dependency management.	Detailed manual, thorough and clear documentation, and complete logging/reporting.	The tool is designed for high scalability and parallelization, capable of efficiently processing very large datasets. It supports distributed computing, cloud platforms, and HPC environments, with optimization for resource allocation and task distribution.	3
msmsEDA and msmsTests	Both tool and data are archived in trusted, well-maintained repositories (e.g., Zenodo, ProteomeXchange).	Comprehensive version control with regular updates, clear changelogs, and active maintenance.	Fully open-source with a permissive license (e.g., MIT, Apache), code publicly available.	Active engagement across multiple platforms (e.g., GitHub, forums, Q&A sites) with regular interactions.	Fully compatible and integrated with workflow management systems for automation.	Uses standardized formats directly, ensuring seamless interoperability with other tools.	Regular benchmarking and validation against widely accepted datasets with updates.	Fully containerized (e.g., Docker, Singularity) with comprehensive dependency management.	Detailed manual, thorough and clear documentation, and complete logging/reporting.	The tool is designed for high scalability and parallelization, capable of efficiently processing very large datasets. It supports distributed computing, cloud platforms, and HPC environments, with optimization for resource allocation and task distribution.	3
PepNovo	Not archived or hosted in unreliable locations.	No version control, tool is deprecated or unreliable.	Proprietary or restricted access requires payment or a limited free trial.	No evidence of community engagement or support.	Cannot integrate into workflow management systems.	Input/output formats are unknown or non-standard.	No benchmarking or testing reported.	Not containerized or dependency management is manual.	Lacks a manual; minimal or unclear documentation, logging, or reporting.	The tool has unknown or no built-in scalability or parallelization capabilities. It struggles to handle large datasets efficiently and cannot leverage cloud or HPC resources.	1
Prosit	Not archived or hosted in unreliable locations.	No version control, tool is deprecated or unreliable.	Proprietary or restricted access requires payment or a limited free trial.	No evidence of community engagement or support.	Cannot integrate into workflow management systems.	Input/output formats are unknown or non-standard.	No benchmarking or testing reported.	Not containerized or dependency management is manual.	Lacks a manual; minimal or unclear documentation, logging, or reporting.	The tool has unknown or no built-in scalability or parallelization capabilities. It struggles to handle large datasets efficiently and cannot leverage cloud or HPC resources.	1
ProteomeTools	Not archived or hosted in unreliable locations.	No version control, tool is deprecated or unreliable.	Proprietary or restricted access requires payment or a limited free trial.	No evidence of community engagement or support.	Cannot integrate into workflow management systems.	Input/output formats are unknown or non-standard.	No benchmarking or testing reported.	Not containerized or dependency management is manual.	Lacks a manual; minimal or unclear documentation, logging, or reporting.	The tool has unknown or no built-in scalability or parallelization capabilities. It struggles to handle large datasets efficiently and cannot leverage cloud or HPC resources.	1
ProteoSAFe	Not archived or hosted in unreliable locations.	No version control, tool is deprecated or unreliable.	Proprietary or restricted access requires payment or a limited free trial.	No evidence of community engagement or support.	Cannot integrate into workflow management systems.	Input/output formats are unknown or non-standard.	No benchmarking or testing reported.	Not containerized or dependency management is manual.	Lacks a manual; minimal or unclear documentation, logging, or reporting.	The tool has unknown or no built-in scalability or parallelization capabilities. It struggles to handle large datasets efficiently and cannot leverage cloud or HPC resources.	1
rpx	Not archived or hosted in unreliable locations.	No version control, tool is deprecated or unreliable.	Proprietary or restricted access requires payment or a limited free trial.	No evidence of community engagement or support.	Cannot integrate into workflow management systems.	Input/output formats are unknown or non-standard.	No benchmarking or testing reported.	Not containerized or dependency management is manual.	Lacks a manual; minimal or unclear documentation, logging, or reporting.	The tool has unknown or no built-in scalability or parallelization capabilities. It struggles to handle large datasets efficiently and cannot leverage cloud or HPC resources.	1
rt	Not archived or hosted in unreliable locations.	No version control, tool is deprecated or unreliable.	Proprietary or restricted access requires payment or a limited free trial.	No evidence of community engagement or support.	Cannot integrate into workflow management systems.	Input/output formats are unknown or non-standard.	No benchmarking or testing reported.	Not containerized or dependency management is manual.	Lacks a manual; minimal or unclear documentation, logging, or reporting.	The tool has unknown or no built-in scalability or parallelization capabilities. It struggles to handle large datasets efficiently and cannot leverage cloud or HPC resources.	1
SRMstats	Not archived or hosted in unreliable locations.	No version control, tool is deprecated or unreliable.	Proprietary or restricted access requires payment or a limited free trial.	No evidence of community engagement or support.	Cannot integrate into workflow management systems.	Input/output formats are unknown or non-standard.	No benchmarking or testing reported.	Not containerized or dependency management is manual.	Lacks a manual; minimal or unclear documentation, logging, or reporting.	The tool has unknown or no built-in scalability or parallelization capabilities. It struggles to handle large datasets efficiently and cannot leverage cloud or HPC resources.	1
