Name,Preservation_of_data_and_software,Version_control,Licensing_and_legal,Community_engagement,Workflow_management_systems,Standardized_input_and_output_formats,Assessment_against_benchmarks,Containerization,Documentation,Scalability_and_parallelization
apComplex,Not archived or hosted in unreliable locations.,"Comprehensive version control with regular updates, clear changelogs, and active maintenance.",Fully open-source and the code is available,"Minimal engagement, limited to one platform (e.g., GitHub issues or a single forum).",No evidence of community engagement or support.,Input/output formats are unknown or non-standard.,Tested only at the time of initial tool publication.,Not containerized or dependency management is manual.,Sufficient documentation but lacks a manual or comprehensive logging/reporting.,The tool has unknown or no built-in scalability or parallelization capabilities. It struggles to handle large datasets efficiently and cannot leverage cloud or HPC resources.
AUTOHD,Not archived or hosted in unreliable locations.,"No version control, tool is deprecated or unreliable.","Open source but with restrictions (e.g., limited commercial use or missing code access).",No evidence of community engagement or support.,Cannot integrate into workflow management systems.,Input/output formats are unknown or non-standard.,No benchmarking or testing reported.,Not containerized or dependency management is manual.,"Lacks a manual; minimal or unclear documentation, logging, or reporting.",The tool has unknown or no built-in scalability or parallelization capabilities. It struggles to handle large datasets efficiently and cannot leverage cloud or HPC resources.
CODA,Archived data or tool in a trusted repository.,"Minimal or inconsistent version control, tool still functional but not actively maintained.","Fully open-source with a permissive license (e.g., MIT, Apache), code publicly available.","Minimal engagement, limited to one platform (e.g., GitHub issues or a single forum).",Cannot integrate into workflow management systems.,Input/output formats are unknown or non-standard.,No benchmarking or testing reported.,Not containerized or dependency management is manual.,"Lacks a manual; minimal or unclear documentation, logging, or reporting.",The tool has unknown or no built-in scalability or parallelization capabilities. It struggles to handle large datasets efficiently and cannot leverage cloud or HPC resources.
CPM,Not archived or hosted in unreliable locations.,"No version control, tool is deprecated or unreliable.","Open source but with restrictions (e.g., limited commercial use or missing code access).",No evidence of community engagement or support.,Cannot integrate into workflow management systems.,Input/output formats are unknown or non-standard.,No benchmarking or testing reported.,Not containerized or dependency management is manual.,"Lacks a manual; minimal or unclear documentation, logging, or reporting.",The tool has unknown or no built-in scalability or parallelization capabilities. It struggles to handle large datasets efficiently and cannot leverage cloud or HPC resources.
HDXfit,Not archived or hosted in unreliable locations.,"Minimal or inconsistent version control, tool still functional but not actively maintained.","Open source but with restrictions (e.g., limited commercial use or missing code access).","Minimal engagement, limited to one platform (e.g., GitHub issues or a single forum).",Cannot integrate into workflow management systems.,Input/output formats are unknown or non-standard.,No benchmarking or testing reported.,Not containerized or dependency management is manual.,"Lacks a manual; minimal or unclear documentation, logging, or reporting.",The tool has unknown or no built-in scalability or parallelization capabilities. It struggles to handle large datasets efficiently and cannot leverage cloud or HPC resources.
Isotope calculator,Not archived or hosted in unreliable locations.,"No version control, tool is deprecated or unreliable.","Open source but with restrictions (e.g., limited commercial use or missing code access).",No evidence of community engagement or support.,Cannot integrate into workflow management systems.,Input/output formats are unknown or non-standard.,No benchmarking or testing reported.,Not containerized or dependency management is manual.,"Lacks a manual; minimal or unclear documentation, logging, or reporting.",The tool has unknown or no built-in scalability or parallelization capabilities. It struggles to handle large datasets efficiently and cannot leverage cloud or HPC resources.
MSPLIT,Not archived or hosted in unreliable locations.,"No version control, tool is deprecated or unreliable.","Open source but with restrictions (e.g., limited commercial use or missing code access).",No evidence of community engagement or support.,Cannot integrate into workflow management systems.,Input/output formats are unknown or non-standard.,No benchmarking or testing reported.,Not containerized or dependency management is manual.,"Lacks a manual; minimal or unclear documentation, logging, or reporting.",The tool has unknown or no built-in scalability or parallelization capabilities. It struggles to handle large datasets efficiently and cannot leverage cloud or HPC resources.
muxQuant,Not archived or hosted in unreliable locations.,"No version control, tool is deprecated or unreliable.","Open source but with restrictions (e.g., limited commercial use or missing code access).",No evidence of community engagement or support.,Cannot integrate into workflow management systems.,Input/output formats are unknown or non-standard.,No benchmarking or testing reported.,Not containerized or dependency management is manual.,"Lacks a manual; minimal or unclear documentation, logging, or reporting.",The tool has unknown or no built-in scalability or parallelization capabilities. It struggles to handle large datasets efficiently and cannot leverage cloud or HPC resources.
OBI-Warp,Archived data or tool in a trusted repository.,"Minimal or inconsistent version control, tool still functional but not actively maintained.","Open source but with restrictions (e.g., limited commercial use or missing code access).","Minimal engagement, limited to one platform (e.g., GitHub issues or a single forum).",Cannot integrate into workflow management systems.,Input/output formats are unknown or non-standard.,No benchmarking or testing reported.,Not containerized or dependency management is manual.,"Lacks a manual; minimal or unclear documentation, logging, or reporting.",The tool has unknown or no built-in scalability or parallelization capabilities. It struggles to handle large datasets efficiently and cannot leverage cloud or HPC resources.
PTMProphet,Not archived or hosted in unreliable locations.,"No version control, tool is deprecated or unreliable.","Open source but with restrictions (e.g., limited commercial use or missing code access).",No evidence of community engagement or support.,Cannot integrate into workflow management systems.,Formats are non-standard but can be converted with effort.,Tested only at the time of initial tool publication.,Not containerized or dependency management is manual.,"Lacks a manual; minimal or unclear documentation, logging, or reporting.",The tool has unknown or no built-in scalability or parallelization capabilities. It struggles to handle large datasets efficiently and cannot leverage cloud or HPC resources.
Quant,Not archived or hosted in unreliable locations.,"No version control, tool is deprecated or unreliable.","Fully open-source with a permissive license (e.g., MIT, Apache), code publicly available.",No evidence of community engagement or support.,Cannot integrate into workflow management systems.,"Uses standardized formats directly, ensuring seamless interoperability with other tools.",No benchmarking or testing reported.,Not containerized or dependency management is manual.,"Lacks a manual; minimal or unclear documentation, logging, or reporting.",The tool has unknown or no built-in scalability or parallelization capabilities. It struggles to handle large datasets efficiently and cannot leverage cloud or HPC resources.
RAAMS,Not archived or hosted in unreliable locations.,"No version control, tool is deprecated or unreliable.","Proprietary or restricted access, requires payment or a limited free trial.",No evidence of community engagement or support.,Cannot integrate into workflow management systems.,Input/output formats are unknown or non-standard.,No benchmarking or testing reported.,Not containerized or dependency management is manual.,"Lacks a manual; minimal or unclear documentation, logging, or reporting.",The tool has unknown or no built-in scalability or parallelization capabilities. It struggles to handle large datasets efficiently and cannot leverage cloud or HPC resources.
SAINT,Archived data or tool in a trusted repository.,"Minimal or inconsistent version control, tool still functional but not actively maintained.","Fully open-source with a permissive license (e.g., MIT, Apache), code publicly available.","Minimal engagement, limited to one platform (e.g., GitHub issues or a single forum).",Cannot integrate into workflow management systems.,Formats are non-standard but can be converted with effort.,Not containerized or dependency management is manual.,"Lacks a manual; minimal or unclear documentation, logging, or reporting.",The tool has unknown or no built-in scalability or parallelization capabilities. It struggles to handle large datasets efficiently and cannot leverage cloud or HPC resources.,
XLink,Not archived or hosted in unreliable locations.,"No version control, tool is deprecated or unreliable.","Proprietary or restricted access, requires payment or a limited free trial.",No evidence of community engagement or support.,Cannot integrate into workflow management systems.,"Uses standardized formats directly, ensuring seamless interoperability with other tools.",No benchmarking or testing reported.,Not containerized or dependency management is manual.,"Lacks a manual; minimal or unclear documentation, logging, or reporting.",The tool has unknown or no built-in scalability or parallelization capabilities. It struggles to handle large datasets efficiently and cannot leverage cloud or HPC resources.
AlphaPeptDeep,"Both tool and data are archived in trusted, well-maintained repositories (e.g., Zenodo, ProteomeXchange).","Comprehensive version control with regular updates, clear changelogs, and active maintenance.",Fully open-source and the code is available,"Active engagement across multiple platforms (e.g., GitHub, forums, Q&A sites) with regular interactions.","Usable as part of a pipeline in workflow systems (e.g., Snakemake, Galaxy).","Uses standardized formats directly, ensuring seamless interoperability with other tools.",Regular benchmarking and validation against widely accepted datasets with updates.,Not containerized or dependency management is manual.,"Detailed manual, thorough and clear documentation, and complete logging/reporting.","The tool is designed for high scalability and parallelization, capable of efficiently processing very large datasets. It supports distributed computing, cloud platforms, and HPC environments, with optimization for resource allocation and task distribution."
CONAN,Archived data or tool in a trusted repository.,"Minimal or inconsistent version control, tool still functional but not actively maintained.","Open source but with restrictions (e.g., limited commercial use or missing code access).","Minimal engagement, limited to one platform (e.g., GitHub issues or a single forum).",Cannot integrate into workflow management systems.,Input/output formats are unknown or non-standard.,Tested only at the time of initial tool publication.,Not containerized or dependency management is manual.,Sufficient documentation but lacks a manual or comprehensive logging/reporting.,The tool has unknown or no built-in scalability or parallelization capabilities. It struggles to handle large datasets efficiently and cannot leverage cloud or HPC resources.
DeconMSn,Archived data or tool in a trusted repository.,"Minimal or inconsistent version control, tool still functional but not actively maintained.","Fully open-source with a permissive license (e.g., MIT, Apache), code publicly available.","Active engagement across multiple platforms (e.g., GitHub, forums, Q&A sites) with regular interactions.","Usable as part of a pipeline in workflow systems (e.g., Snakemake, Galaxy).","Uses standardized formats directly, ensuring seamless interoperability with other tools.",Tested only at the time of initial tool publication.,Not containerized or dependency management is manual.,Sufficient documentation but lacks a manual or comprehensive logging/reporting.,The tool has unknown or no built-in scalability or parallelization capabilities. It struggles to handle large datasets efficiently and cannot leverage cloud or HPC resources.
DeconTools,Archived data or tool in a trusted repository.,"Comprehensive version control with regular updates, clear changelogs, and active maintenance.","Fully open-source with a permissive license (e.g., MIT, Apache), code publicly available.","Active engagement across multiple platforms (e.g., GitHub, forums, Q&A sites) with regular interactions.","Usable as part of a pipeline in workflow systems (e.g., Snakemake, Galaxy).","Uses standardized formats directly, ensuring seamless interoperability with other tools.",Tested only at the time of initial tool publication.,Not containerized or dependency management is manual.,Sufficient documentation but lacks a manual or comprehensive logging/reporting.,The tool has unknown or no built-in scalability or parallelization capabilities. It struggles to handle large datasets efficiently and cannot leverage cloud or HPC resources.
DeepSTORM3D,Archived data or tool in a trusted repository.,"Comprehensive version control with regular updates, clear changelogs, and active maintenance.","Fully open-source with a permissive license (e.g., MIT, Apache), code publicly available.","Minimal engagement, limited to one platform (e.g., GitHub issues or a single forum).","Usable as part of a pipeline in workflow systems (e.g., Snakemake, Galaxy).","Uses standardized formats directly, ensuring seamless interoperability with other tools.",Tested only at the time of initial tool publication.,Not containerized or dependency management is manual.,Sufficient documentation but lacks a manual or comprehensive logging/reporting.,The tool has unknown or no built-in scalability or parallelization capabilities. It struggles to handle large datasets efficiently and cannot leverage cloud or HPC resources.
DEP,"Both tool and data are archived in trusted, well-maintained repositories (e.g., Zenodo, ProteomeXchange).","Comprehensive version control with regular updates, clear changelogs, and active maintenance.","Fully open-source with a permissive license (e.g., MIT, Apache), code publicly available.","Minimal engagement, limited to one platform (e.g., GitHub issues or a single forum).","Usable as part of a pipeline in workflow systems (e.g., Snakemake, Galaxy).","Uses standardized formats directly, ensuring seamless interoperability with other tools.",Tested only at the time of initial tool publication.,Not containerized or dependency management is manual.,"Detailed manual, thorough and clear documentation, and complete logging/reporting.",The tool has unknown or no built-in scalability or parallelization capabilities. It struggles to handle large datasets efficiently and cannot leverage cloud or HPC resources.
DFLpred,Archived data or tool in a trusted repository.,"Minimal or inconsistent version control, tool still functional but not actively maintained.","Fully open-source with a permissive license (e.g., MIT, Apache), code publicly available.","Minimal engagement, limited to one platform (e.g., GitHub issues or a single forum).",Cannot integrate into workflow management systems.,"Uses standardized formats directly, ensuring seamless interoperability with other tools.",Tested only at the time of initial tool publication.,Not containerized or dependency management is manual.,"Lacks a manual; minimal or unclear documentation, logging, or reporting.",The tool has unknown or no built-in scalability or parallelization capabilities. It struggles to handle large datasets efficiently and cannot leverage cloud or HPC resources.
enviPat,"Both tool and data are archived in trusted, well-maintained repositories (e.g., Zenodo, ProteomeXchange).","Minimal or inconsistent version control, tool still functional but not actively maintained.","Fully open-source with a permissive license (e.g., MIT, Apache), code publicly available.","Minimal engagement, limited to one platform (e.g., GitHub issues or a single forum).","Usable as part of a pipeline in workflow systems (e.g., Snakemake, Galaxy).","Uses standardized formats directly, ensuring seamless interoperability with other tools.",Tested only at the time of initial tool publication.,Not containerized or dependency management is manual.,"Lacks a manual; minimal or unclear documentation, logging, or reporting.",The tool has unknown or no built-in scalability or parallelization capabilities. It struggles to handle large datasets efficiently and cannot leverage cloud or HPC resources.
HIGH-PPI,"Both tool and data are archived in trusted, well-maintained repositories (e.g., Zenodo, ProteomeXchange).","Minimal or inconsistent version control, tool still functional but not actively maintained.","Fully open-source with a permissive license (e.g., MIT, Apache), code publicly available.","Minimal engagement, limited to one platform (e.g., GitHub issues or a single forum).","Usable as part of a pipeline in workflow systems (e.g., Snakemake, Galaxy).","Uses standardized formats directly, ensuring seamless interoperability with other tools.",Tested only at the time of initial tool publication.,Not containerized or dependency management is manual.,"Lacks a manual; minimal or unclear documentation, logging, or reporting.",The tool has unknown or no built-in scalability or parallelization capabilities. It struggles to handle large datasets efficiently and cannot leverage cloud or HPC resources.
IDBac,Archived data or tool in a trusted repository.,"Minimal or inconsistent version control, tool still functional but not actively maintained.","Fully open-source with a permissive license (e.g., MIT, Apache), code publicly available.","Active engagement across multiple platforms (e.g., GitHub, forums, Q&A sites) with regular interactions.",Cannot integrate into workflow management systems.,"Uses standardized formats directly, ensuring seamless interoperability with other tools.",Tested only at the time of initial tool publication.,Not containerized or dependency management is manual.,"Lacks a manual; minimal or unclear documentation, logging, or reporting.",The tool has unknown or no built-in scalability or parallelization capabilities. It struggles to handle large datasets efficiently and cannot leverage cloud or HPC resources.
Informed-Proteomics,Archived data or tool in a trusted repository.,"Minimal or inconsistent version control, tool still functional but not actively maintained.","Fully open-source with a permissive license (e.g., MIT, Apache), code publicly available.","Active engagement across multiple platforms (e.g., GitHub, forums, Q&A sites) with regular interactions.",Cannot integrate into workflow management systems.,"Uses standardized formats directly, ensuring seamless interoperability with other tools.",Tested only at the time of initial tool publication.,Not containerized or dependency management is manual.,"Detailed manual, thorough and clear documentation, and complete logging/reporting.",The tool has unknown or no built-in scalability or parallelization capabilities. It struggles to handle large datasets efficiently and cannot leverage cloud or HPC resources.
InsPecT,Not archived or hosted in unreliable locations.,"No version control, tool is deprecated or unreliable.","Open source but with restrictions (e.g., limited commercial use or missing code access).",No evidence of community engagement or support.,Cannot integrate into workflow management systems.,"Uses standardized formats directly, ensuring seamless interoperability with other tools.",Tested only at the time of initial tool publication.,Not containerized or dependency management is manual.,"Detailed manual, thorough and clear documentation, and complete logging/reporting.",The tool has unknown or no built-in scalability or parallelization capabilities. It struggles to handle large datasets efficiently and cannot leverage cloud or HPC resources.
IPO,Archived data or tool in a trusted repository.,"Minimal or inconsistent version control, tool still functional but not actively maintained.","Fully open-source with a permissive license (e.g., MIT, Apache), code publicly available.","Minimal engagement, limited to one platform (e.g., GitHub issues or a single forum).",Cannot integrate into workflow management systems.,"Uses standardized formats directly, ensuring seamless interoperability with other tools.",Tested only at the time of initial tool publication.,Not containerized or dependency management is manual.,Sufficient documentation but lacks a manual or comprehensive logging/reporting.,The tool has unknown or no built-in scalability or parallelization capabilities. It struggles to handle large datasets efficiently and cannot leverage cloud or HPC resources.
isobar,Archived data or tool in a trusted repository.,"Minimal or inconsistent version control, tool still functional but not actively maintained.","Fully open-source with a permissive license (e.g., MIT, Apache), code publicly available.","Minimal engagement, limited to one platform (e.g., GitHub issues or a single forum).",Cannot integrate into workflow management systems.,"Uses standardized formats directly, ensuring seamless interoperability with other tools.",Tested only at the time of initial tool publication.,Not containerized or dependency management is manual.,Sufficient documentation but lacks a manual or comprehensive logging/reporting.,The tool has unknown or no built-in scalability or parallelization capabilities. It struggles to handle large datasets efficiently and cannot leverage cloud or HPC resources.
Kojak,Archived data or tool in a trusted repository.,"Comprehensive version control with regular updates, clear changelogs, and active maintenance.","Fully open-source with a permissive license (e.g., MIT, Apache), code publicly available.","Active engagement across multiple platforms (e.g., GitHub, forums, Q&A sites) with regular interactions.",Cannot integrate into workflow management systems.,"Uses standardized formats directly, ensuring seamless interoperability with other tools.",Tested only at the time of initial tool publication.,Not containerized or dependency management is manual.,Sufficient documentation but lacks a manual or comprehensive logging/reporting.,The tool has unknown or no built-in scalability or parallelization capabilities. It struggles to handle large datasets efficiently and cannot leverage cloud or HPC resources.
libmgf,Not archived or hosted in unreliable locations.,"No version control, tool is deprecated or unreliable.","Open source but with restrictions (e.g., limited commercial use or missing code access).","Minimal engagement, limited to one platform (e.g., GitHub issues or a single forum).","Usable as part of a pipeline in workflow systems (e.g., Snakemake, Galaxy).","Uses standardized formats directly, ensuring seamless interoperability with other tools.",Tested only at the time of initial tool publication.,Not containerized or dependency management is manual.,Sufficient documentation but lacks a manual or comprehensive logging/reporting.,The tool has unknown or no built-in scalability or parallelization capabilities. It struggles to handle large datasets efficiently and cannot leverage cloud or HPC resources.
Libra,"Both tool and data are archived in trusted, well-maintained repositories (e.g., Zenodo, ProteomeXchange).","Minimal or inconsistent version control, tool still functional but not actively maintained.","Fully open-source with a permissive license (e.g., MIT, Apache), code publicly available.","Active engagement across multiple platforms (e.g., GitHub, forums, Q&A sites) with regular interactions.","Usable as part of a pipeline in workflow systems (e.g., Snakemake, Galaxy).","Uses standardized formats directly, ensuring seamless interoperability with other tools.",Regular benchmarking and validation against widely accepted datasets with updates.,"Partially containerized, e.g., as part of a broader pipeline or incomplete container.","Lacks a manual; minimal or unclear documentation, logging, or reporting.","The tool is designed for high scalability and parallelization, capable of efficiently processing very large datasets. It supports distributed computing, cloud platforms, and HPC environments, with optimization for resource allocation and task distribution."
localCIDER,Archived data or tool in a trusted repository.,"Minimal or inconsistent version control, tool still functional but not actively maintained.","Fully open-source with a permissive license (e.g., MIT, Apache), code publicly available.","Minimal engagement, limited to one platform (e.g., GitHub issues or a single forum).",Cannot integrate into workflow management systems.,Formats are non-standard but can be converted with effort.,Tested only at the time of initial tool publication.,Not containerized or dependency management is manual.,Sufficient documentation but lacks a manual or comprehensive logging/reporting.,The tool has unknown or no built-in scalability or parallelization capabilities. It struggles to handle large datasets efficiently and cannot leverage cloud or HPC resources.
LutefiskXP,Not archived or hosted in unreliable locations.,"Minimal or inconsistent version control, tool still functional but not actively maintained.","Fully open-source with a permissive license (e.g., MIT, Apache), code publicly available.","Minimal engagement, limited to one platform (e.g., GitHub issues or a single forum).",Cannot integrate into workflow management systems.,"Uses standardized formats directly, ensuring seamless interoperability with other tools.",Tested only at the time of initial tool publication.,Not containerized or dependency management is manual.,"Lacks a manual; minimal or unclear documentation, logging, or reporting.",The tool has unknown or no built-in scalability or parallelization capabilities. It struggles to handle large datasets efficiently and cannot leverage cloud or HPC resources.
MALDIquant,Archived data or tool in a trusted repository.,"Comprehensive version control with regular updates, clear changelogs, and active maintenance.","Fully open-source with a permissive license (e.g., MIT, Apache), code publicly available.","Minimal engagement, limited to one platform (e.g., GitHub issues or a single forum).","Usable as part of a pipeline in workflow systems (e.g., Snakemake, Galaxy).","Uses standardized formats directly, ensuring seamless interoperability with other tools.",Tested only at the time of initial tool publication.,"Partially containerized, e.g., as part of a broader pipeline or incomplete container.",Sufficient documentation but lacks a manual or comprehensive logging/reporting.,The tool has unknown or no built-in scalability or parallelization capabilities. It struggles to handle large datasets efficiently and cannot leverage cloud or HPC resources.
MAPDIA,Archived data or tool in a trusted repository.,"Minimal or inconsistent version control, tool still functional but not actively maintained.","Fully open-source with a permissive license (e.g., MIT, Apache), code publicly available.","Minimal engagement, limited to one platform (e.g., GitHub issues or a single forum).",Cannot integrate into workflow management systems.,"Uses standardized formats directly, ensuring seamless interoperability with other tools.",Tested only at the time of initial tool publication.,Not containerized or dependency management is manual.,"Lacks a manual; minimal or unclear documentation, logging, or reporting.",The tool has unknown or no built-in scalability or parallelization capabilities. It struggles to handle large datasets efficiently and cannot leverage cloud or HPC resources.
MassSpecWavelet,Archived data or tool in a trusted repository.,"Comprehensive version control with regular updates, clear changelogs, and active maintenance.","Fully open-source with a permissive license (e.g., MIT, Apache), code publicly available.","Minimal engagement, limited to one platform (e.g., GitHub issues or a single forum).","Usable as part of a pipeline in workflow systems (e.g., Snakemake, Galaxy).","Uses standardized formats directly, ensuring seamless interoperability with other tools.",Tested only at the time of initial tool publication.,"Fully containerized (e.g., Docker, Singularity) with comprehensive dependency management.",Sufficient documentation but lacks a manual or comprehensive logging/reporting.,The tool has unknown or no built-in scalability or parallelization capabilities. It struggles to handle large datasets efficiently and cannot leverage cloud or HPC resources.
MassyTools,Archived data or tool in a trusted repository.,"Comprehensive version control with regular updates, clear changelogs, and active maintenance.","Fully open-source with a permissive license (e.g., MIT, Apache), code publicly available.","Minimal engagement, limited to one platform (e.g., GitHub issues or a single forum).","Usable as part of a pipeline in workflow systems (e.g., Snakemake, Galaxy).","Uses standardized formats directly, ensuring seamless interoperability with other tools.",Tested only at the time of initial tool publication.,Not containerized or dependency management is manual.,Sufficient documentation but lacks a manual or comprehensive logging/reporting.,The tool has unknown or no built-in scalability or parallelization capabilities. It struggles to handle large datasets efficiently and cannot leverage cloud or HPC resources.
matter,Archived data or tool in a trusted repository.,"Comprehensive version control with regular updates, clear changelogs, and active maintenance.","Fully open-source with a permissive license (e.g., MIT, Apache), code publicly available.","Minimal engagement, limited to one platform (e.g., GitHub issues or a single forum).","Usable as part of a pipeline in workflow systems (e.g., Snakemake, Galaxy).","Uses standardized formats directly, ensuring seamless interoperability with other tools.",Tested only at the time of initial tool publication.,Not containerized or dependency management is manual.,Sufficient documentation but lacks a manual or comprehensive logging/reporting.,The tool has unknown or no built-in scalability or parallelization capabilities. It struggles to handle large datasets efficiently and cannot leverage cloud or HPC resources.
Morpheus,Archived data or tool in a trusted repository.,"Comprehensive version control with regular updates, clear changelogs, and active maintenance.","Fully open-source with a permissive license (e.g., MIT, Apache), code publicly available.","Active engagement across multiple platforms (e.g., GitHub, forums, Q&A sites) with regular interactions.","Usable as part of a pipeline in workflow systems (e.g., Snakemake, Galaxy).","Uses standardized formats directly, ensuring seamless interoperability with other tools.",Tested only at the time of initial tool publication.,Not containerized or dependency management is manual.,Sufficient documentation but lacks a manual or comprehensive logging/reporting.,The tool has unknown or no built-in scalability or parallelization capabilities. It struggles to handle large datasets efficiently and cannot leverage cloud or HPC resources.
MS Amanda,Not archived or hosted in unreliable locations.,"Comprehensive version control with regular updates, clear changelogs, and active maintenance.","Open source but with restrictions (e.g., limited commercial use or missing code access).","Minimal engagement, limited to one platform (e.g., GitHub issues or a single forum).","Usable as part of a pipeline in workflow systems (e.g., Snakemake, Galaxy).","Uses standardized formats directly, ensuring seamless interoperability with other tools.",Tested only at the time of initial tool publication.,"Partially containerized, e.g., as part of a broader pipeline or incomplete container.",Sufficient documentation but lacks a manual or comprehensive logging/reporting.,"The tool is designed for high scalability and parallelization, capable of efficiently processing very large datasets. It supports distributed computing, cloud platforms, and HPC environments, with optimization for resource allocation and task distribution."
msalign2,Not archived or hosted in unreliable locations.,"Minimal or inconsistent version control, tool still functional but not actively maintained.","Fully open-source with a permissive license (e.g., MIT, Apache), code publicly available.",No evidence of community engagement or support.,"Usable as part of a pipeline in workflow systems (e.g., Snakemake, Galaxy).","Uses standardized formats directly, ensuring seamless interoperability with other tools.",No benchmarking or testing reported.,Not containerized or dependency management is manual.,"Lacks a manual; minimal or unclear documentation, logging, or reporting.",The tool has unknown or no built-in scalability or parallelization capabilities. It struggles to handle large datasets efficiently and cannot leverage cloud or HPC resources.
MSnID,Archived data or tool in a trusted repository.,"Minimal or inconsistent version control, tool still functional but not actively maintained.","Fully open-source with a permissive license (e.g., MIT, Apache), code publicly available.","Minimal engagement, limited to one platform (e.g., GitHub issues or a single forum).","Usable as part of a pipeline in workflow systems (e.g., Snakemake, Galaxy).","Uses standardized formats directly, ensuring seamless interoperability with other tools.",Tested only at the time of initial tool publication.,"Fully containerized (e.g., Docker, Singularity) with comprehensive dependency management.",Sufficient documentation but lacks a manual or comprehensive logging/reporting.,The tool has unknown or no built-in scalability or parallelization capabilities. It struggles to handle large datasets efficiently and cannot leverage cloud or HPC resources.
NMRFAM-SPARKY,Archived data or tool in a trusted repository.,"Minimal or inconsistent version control, tool still functional but not actively maintained.","Fully open-source with a permissive license (e.g., MIT, Apache), code publicly available.","Minimal engagement, limited to one platform (e.g., GitHub issues or a single forum).",Cannot integrate into workflow management systems.,Formats are non-standard but can be converted with effort.,No benchmarking or testing reported.,Not containerized or dependency management is manual.,"Lacks a manual; minimal or unclear documentation, logging, or reporting.",The tool has unknown or no built-in scalability or parallelization capabilities. It struggles to handle large datasets efficiently and cannot leverage cloud or HPC resources.
pepXMLTab,Archived data or tool in a trusted repository.,"Comprehensive version control with regular updates, clear changelogs, and active maintenance.","Fully open-source with a permissive license (e.g., MIT, Apache), code publicly available.","Minimal engagement, limited to one platform (e.g., GitHub issues or a single forum).","Usable as part of a pipeline in workflow systems (e.g., Snakemake, Galaxy).","Uses standardized formats directly, ensuring seamless interoperability with other tools.",Tested only at the time of initial tool publication.,Not containerized or dependency management is manual.,Sufficient documentation but lacks a manual or comprehensive logging/reporting.,The tool has unknown or no built-in scalability or parallelization capabilities. It struggles to handle large datasets efficiently and cannot leverage cloud or HPC resources.
pftools,"Both tool and data are archived in trusted, well-maintained repositories (e.g., Zenodo, ProteomeXchange).","Minimal or inconsistent version control, tool still functional but not actively maintained.","Fully open-source with a permissive license (e.g., MIT, Apache), code publicly available.","Minimal engagement, limited to one platform (e.g., GitHub issues or a single forum).","Usable as part of a pipeline in workflow systems (e.g., Snakemake, Galaxy).","Uses standardized formats directly, ensuring seamless interoperability with other tools.",No benchmarking or testing reported.,"Fully containerized (e.g., Docker, Singularity) with comprehensive dependency management.",Sufficient documentation but lacks a manual or comprehensive logging/reporting.,The tool supports basic scalability. It can handle moderately large datasets but may not fully utilize advanced computational resources.
PIA - Protein Inference Algorithms,Archived data or tool in a trusted repository.,"Comprehensive version control with regular updates, clear changelogs, and active maintenance.","Fully open-source with a permissive license (e.g., MIT, Apache), code publicly available.","Minimal engagement, limited to one platform (e.g., GitHub issues or a single forum).","Usable as part of a pipeline in workflow systems (e.g., Snakemake, Galaxy).","Uses standardized formats directly, ensuring seamless interoperability with other tools.",Tested only at the time of initial tool publication.,"Fully containerized (e.g., Docker, Singularity) with comprehensive dependency management.",Sufficient documentation but lacks a manual or comprehensive logging/reporting.,The tool supports basic scalability. It can handle moderately large datasets but may not fully utilize advanced computational resources.
Prostar,Archived data or tool in a trusted repository.,"Comprehensive version control with regular updates, clear changelogs, and active maintenance.","Fully open-source with a permissive license (e.g., MIT, Apache), code publicly available.","Active engagement across multiple platforms (e.g., GitHub, forums, Q&A sites) with regular interactions.","Usable as part of a pipeline in workflow systems (e.g., Snakemake, Galaxy).","Uses standardized formats directly, ensuring seamless interoperability with other tools.",Tested only at the time of initial tool publication.,Not containerized or dependency management is manual.,"Detailed manual, thorough and clear documentation, and complete logging/reporting.",The tool supports basic scalability. It can handle moderately large datasets but may not fully utilize advanced computational resources.
ProtGenerics,Archived data or tool in a trusted repository.,"Comprehensive version control with regular updates, clear changelogs, and active maintenance.","Fully open-source with a permissive license (e.g., MIT, Apache), code publicly available.","Minimal engagement, limited to one platform (e.g., GitHub issues or a single forum).","Usable as part of a pipeline in workflow systems (e.g., Snakemake, Galaxy).","Uses standardized formats directly, ensuring seamless interoperability with other tools.",Tested only at the time of initial tool publication.,"Fully containerized (e.g., Docker, Singularity) with comprehensive dependency management.",Sufficient documentation but lacks a manual or comprehensive logging/reporting.,The tool has unknown or no built-in scalability or parallelization capabilities. It struggles to handle large datasets efficiently and cannot leverage cloud or HPC resources.
Rdisop,Archived data or tool in a trusted repository.,"Comprehensive version control with regular updates, clear changelogs, and active maintenance.","Fully open-source with a permissive license (e.g., MIT, Apache), code publicly available.","Minimal engagement, limited to one platform (e.g., GitHub issues or a single forum).",Cannot integrate into workflow management systems.,Formats are non-standard but can be converted with effort.,Tested only at the time of initial tool publication.,"Fully containerized (e.g., Docker, Singularity) with comprehensive dependency management.","Lacks a manual; minimal or unclear documentation, logging, or reporting.",The tool has unknown or no built-in scalability or parallelization capabilities. It struggles to handle large datasets efficiently and cannot leverage cloud or HPC resources.
Sirius,"Both tool and data are archived in trusted, well-maintained repositories (e.g., Zenodo, ProteomeXchange).","Comprehensive version control with regular updates, clear changelogs, and active maintenance.","Open source but with restrictions (e.g., limited commercial use or missing code access).","Active engagement across multiple platforms (e.g., GitHub, forums, Q&A sites) with regular interactions.","Usable as part of a pipeline in workflow systems (e.g., Snakemake, Galaxy).","Uses standardized formats directly, ensuring seamless interoperability with other tools.",Tested only at the time of initial tool publication.,Not containerized or dependency management is manual.,"Detailed manual, thorough and clear documentation, and complete logging/reporting.",The tool supports basic scalability. It can handle moderately large datasets but may not fully utilize advanced computational resources.
SpecArray,Archived data or tool in a trusted repository.,"Minimal or inconsistent version control, tool still functional but not actively maintained.","Open source but with restrictions (e.g., limited commercial use or missing code access).","Minimal engagement, limited to one platform (e.g., GitHub issues or a single forum).","Usable as part of a pipeline in workflow systems (e.g., Snakemake, Galaxy).","Uses standardized formats directly, ensuring seamless interoperability with other tools.",Tested only at the time of initial tool publication.,Not containerized or dependency management is manual.,"Lacks a manual; minimal or unclear documentation, logging, or reporting.",The tool has unknown or no built-in scalability or parallelization capabilities. It struggles to handle large datasets efficiently and cannot leverage cloud or HPC resources.
statTarget,Archived data or tool in a trusted repository.,"Minimal or inconsistent version control, tool still functional but not actively maintained.","Fully open-source with a permissive license (e.g., MIT, Apache), code publicly available.","Minimal engagement, limited to one platform (e.g., GitHub issues or a single forum).","Usable as part of a pipeline in workflow systems (e.g., Snakemake, Galaxy).",Formats are non-standard but can be converted with effort.,Tested only at the time of initial tool publication.,Not containerized or dependency management is manual.,"Lacks a manual; minimal or unclear documentation, logging, or reporting.",The tool has unknown or no built-in scalability or parallelization capabilities. It struggles to handle large datasets efficiently and cannot leverage cloud or HPC resources.
SuperHirn,Not archived or hosted in unreliable locations.,"Minimal or inconsistent version control, tool still functional but not actively maintained.","Fully open-source with a permissive license (e.g., MIT, Apache), code publicly available.","Minimal engagement, limited to one platform (e.g., GitHub issues or a single forum).","Usable as part of a pipeline in workflow systems (e.g., Snakemake, Galaxy).",Formats are non-standard but can be converted with effort.,Tested only at the time of initial tool publication.,Not containerized or dependency management is manual.,"Detailed manual, thorough and clear documentation, and complete logging/reporting.",The tool has unknown or no built-in scalability or parallelization capabilities. It struggles to handle large datasets efficiently and cannot leverage cloud or HPC resources.
SwathXtend,Not archived or hosted in unreliable locations.,"Comprehensive version control with regular updates, clear changelogs, and active maintenance.","Fully open-source with a permissive license (e.g., MIT, Apache), code publicly available.","Minimal engagement, limited to one platform (e.g., GitHub issues or a single forum).","Usable as part of a pipeline in workflow systems (e.g., Snakemake, Galaxy).","Uses standardized formats directly, ensuring seamless interoperability with other tools.",No benchmarking or testing reported.,Not containerized or dependency management is manual.,"Lacks a manual; minimal or unclear documentation, logging, or reporting.",The tool has unknown or no built-in scalability or parallelization capabilities. It struggles to handle large datasets efficiently and cannot leverage cloud or HPC resources.
synapter,Not archived or hosted in unreliable locations.,"Minimal or inconsistent version control, tool still functional but not actively maintained.","Fully open-source with a permissive license (e.g., MIT, Apache), code publicly available.","Minimal engagement, limited to one platform (e.g., GitHub issues or a single forum).","Usable as part of a pipeline in workflow systems (e.g., Snakemake, Galaxy).","Uses standardized formats directly, ensuring seamless interoperability with other tools.",Tested only at the time of initial tool publication.,Not containerized or dependency management is manual.,"Detailed manual, thorough and clear documentation, and complete logging/reporting.",The tool has unknown or no built-in scalability or parallelization capabilities. It struggles to handle large datasets efficiently and cannot leverage cloud or HPC resources.
TCGA-Assembler 2,Archived data or tool in a trusted repository.,"Minimal or inconsistent version control, tool still functional but not actively maintained.","Fully open-source with a permissive license (e.g., MIT, Apache), code publicly available.","Minimal engagement, limited to one platform (e.g., GitHub issues or a single forum).",Cannot integrate into workflow management systems.,"Uses standardized formats directly, ensuring seamless interoperability with other tools.",Tested only at the time of initial tool publication.,Not containerized or dependency management is manual.,"Lacks a manual; minimal or unclear documentation, logging, or reporting.",The tool has unknown or no built-in scalability or parallelization capabilities. It struggles to handle large datasets efficiently and cannot leverage cloud or HPC resources.
ASAPRatio,Archived data or tool in a trusted repository.,"Comprehensive version control with regular updates, clear changelogs, and active maintenance.","Fully open-source with a permissive license (e.g., MIT, Apache), code publicly available.","Active engagement across multiple platforms (e.g., GitHub, forums, Q&A sites) with regular interactions.","Usable as part of a pipeline in workflow systems (e.g., Snakemake, Galaxy).","Uses standardized formats directly, ensuring seamless interoperability with other tools.",Regular benchmarking and validation against widely accepted datasets with updates.,"Partially containerized, e.g., as part of a broader pipeline or incomplete container.","Detailed manual, thorough and clear documentation, and complete logging/reporting.","The tool is designed for high scalability and parallelization, capable of efficiently processing very large datasets. It supports distributed computing, cloud platforms, and HPC environments, with optimization for resource allocation and task distribution."
Cardinal,Archived data or tool in a trusted repository.,"Comprehensive version control with regular updates, clear changelogs, and active maintenance.","Fully open-source with a permissive license (e.g., MIT, Apache), code publicly available.","Active engagement across multiple platforms (e.g., GitHub, forums, Q&A sites) with regular interactions.","Usable as part of a pipeline in workflow systems (e.g., Snakemake, Galaxy).",Formats are non-standard but can be converted with effort.,Regular benchmarking and validation against widely accepted datasets with updates.,"Fully containerized (e.g., Docker, Singularity) with comprehensive dependency management.","Detailed manual, thorough and clear documentation, and complete logging/reporting.",The tool has unknown or no built-in scalability or parallelization capabilities. It struggles to handle large datasets efficiently and cannot leverage cloud or HPC resources.
Comet,Archived data or tool in a trusted repository.,"Comprehensive version control with regular updates, clear changelogs, and active maintenance.","Fully open-source with a permissive license (e.g., MIT, Apache), code publicly available.","Active engagement across multiple platforms (e.g., GitHub, forums, Q&A sites) with regular interactions.",Fully compatible and integrated with workflow management systems for automation.,"Uses standardized formats directly, ensuring seamless interoperability with other tools.",Regular benchmarking and validation against widely accepted datasets with updates.,"Fully containerized (e.g., Docker, Singularity) with comprehensive dependency management.","Detailed manual, thorough and clear documentation, and complete logging/reporting.","The tool is designed for high scalability and parallelization, capable of efficiently processing very large datasets. It supports distributed computing, cloud platforms, and HPC environments, with optimization for resource allocation and task distribution."
Compomics-utilities,"Both tool and data are archived in trusted, well-maintained repositories (e.g., Zenodo, ProteomeXchange).","Comprehensive version control with regular updates, clear changelogs, and active maintenance.","Open source but with restrictions (e.g., limited commercial use or missing code access).","Active engagement across multiple platforms (e.g., GitHub, forums, Q&A sites) with regular interactions.",Fully compatible and integrated with workflow management systems for automation.,"Uses standardized formats directly, ensuring seamless interoperability with other tools.",Regular benchmarking and validation against widely accepted datasets with updates.,"Partially containerized, e.g., as part of a broader pipeline or incomplete container.","Detailed manual, thorough and clear documentation, and complete logging/reporting.","The tool is designed for high scalability and parallelization, capable of efficiently processing very large datasets. It supports distributed computing, cloud platforms, and HPC environments, with optimization for resource allocation and task distribution."
DAPAR,Archived data or tool in a trusted repository.,"Comprehensive version control with regular updates, clear changelogs, and active maintenance.","Fully open-source with a permissive license (e.g., MIT, Apache), code publicly available.","Active engagement across multiple platforms (e.g., GitHub, forums, Q&A sites) with regular interactions.","Usable as part of a pipeline in workflow systems (e.g., Snakemake, Galaxy).","Uses standardized formats directly, ensuring seamless interoperability with other tools.",Regular benchmarking and validation against widely accepted datasets with updates.,"Fully containerized (e.g., Docker, Singularity) with comprehensive dependency management.","Detailed manual, thorough and clear documentation, and complete logging/reporting.","The tool is designed for high scalability and parallelization, capable of efficiently processing very large datasets. It supports distributed computing, cloud platforms, and HPC environments, with optimization for resource allocation and task distribution."
Denovogui,Archived data or tool in a trusted repository.,"Comprehensive version control with regular updates, clear changelogs, and active maintenance.","Fully open-source with a permissive license (e.g., MIT, Apache), code publicly available.","Active engagement across multiple platforms (e.g., GitHub, forums, Q&A sites) with regular interactions.","Usable as part of a pipeline in workflow systems (e.g., Snakemake, Galaxy).","Uses standardized formats directly, ensuring seamless interoperability with other tools.",Tested only at the time of initial tool publication.,"Fully containerized (e.g., Docker, Singularity) with comprehensive dependency management.","Detailed manual, thorough and clear documentation, and complete logging/reporting.","The tool is designed for high scalability and parallelization, capable of efficiently processing very large datasets. It supports distributed computing, cloud platforms, and HPC environments, with optimization for resource allocation and task distribution."
DIA-NN,"Both tool and data are archived in trusted, well-maintained repositories (e.g., Zenodo, ProteomeXchange).","Comprehensive version control with regular updates, clear changelogs, and active maintenance.","Fully open-source with a permissive license (e.g., MIT, Apache), code publicly available.","Active engagement across multiple platforms (e.g., GitHub, forums, Q&A sites) with regular interactions.",Fully compatible and integrated with workflow management systems for automation.,"Uses standardized formats directly, ensuring seamless interoperability with other tools.",Regular benchmarking and validation against widely accepted datasets with updates.,"Fully containerized (e.g., Docker, Singularity) with comprehensive dependency management.","Detailed manual, thorough and clear documentation, and complete logging/reporting.","The tool is designed for high scalability and parallelization, capable of efficiently processing very large datasets. It supports distributed computing, cloud platforms, and HPC environments, with optimization for resource allocation and task distribution."
DIA-Umpire,"Both tool and data are archived in trusted, well-maintained repositories (e.g., Zenodo, ProteomeXchange).","Comprehensive version control with regular updates, clear changelogs, and active maintenance.","Fully open-source with a permissive license (e.g., MIT, Apache), code publicly available.","Active engagement across multiple platforms (e.g., GitHub, forums, Q&A sites) with regular interactions.",Fully compatible and integrated with workflow management systems for automation.,"Uses standardized formats directly, ensuring seamless interoperability with other tools.",Regular benchmarking and validation against widely accepted datasets with updates.,"Fully containerized (e.g., Docker, Singularity) with comprehensive dependency management.",Sufficient documentation but lacks a manual or comprehensive logging/reporting.,"The tool is designed for high scalability and parallelization, capable of efficiently processing very large datasets. It supports distributed computing, cloud platforms, and HPC environments, with optimization for resource allocation and task distribution."
metapredict,Archived data or tool in a trusted repository.,"Comprehensive version control with regular updates, clear changelogs, and active maintenance.","Fully open-source with a permissive license (e.g., MIT, Apache), code publicly available.","Minimal engagement, limited to one platform (e.g., GitHub issues or a single forum).","Usable as part of a pipeline in workflow systems (e.g., Snakemake, Galaxy).","Uses standardized formats directly, ensuring seamless interoperability with other tools.",Tested only at the time of initial tool publication.,"Fully containerized (e.g., Docker, Singularity) with comprehensive dependency management.","Detailed manual, thorough and clear documentation, and complete logging/reporting.","The tool is designed for high scalability and parallelization, capable of efficiently processing very large datasets. It supports distributed computing, cloud platforms, and HPC environments, with optimization for resource allocation and task distribution."
MSFragger,Archived data or tool in a trusted repository.,"Comprehensive version control with regular updates, clear changelogs, and active maintenance.","Fully open-source with a permissive license (e.g., MIT, Apache), code publicly available.","Active engagement across multiple platforms (e.g., GitHub, forums, Q&A sites) with regular interactions.",Fully compatible and integrated with workflow management systems for automation.,"Uses standardized formats directly, ensuring seamless interoperability with other tools.",Tested only at the time of initial tool publication.,"Fully containerized (e.g., Docker, Singularity) with comprehensive dependency management.","Detailed manual, thorough and clear documentation, and complete logging/reporting.","The tool is designed for high scalability and parallelization, capable of efficiently processing very large datasets. It supports distributed computing, cloud platforms, and HPC environments, with optimization for resource allocation and task distribution."
MS-GF+,Archived data or tool in a trusted repository.,"Comprehensive version control with regular updates, clear changelogs, and active maintenance.","Fully open-source with a permissive license (e.g., MIT, Apache), code publicly available.","Active engagement across multiple platforms (e.g., GitHub, forums, Q&A sites) with regular interactions.",Fully compatible and integrated with workflow management systems for automation.,"Uses standardized formats directly, ensuring seamless interoperability with other tools.",Tested only at the time of initial tool publication.,"Fully containerized (e.g., Docker, Singularity) with comprehensive dependency management.","Detailed manual, thorough and clear documentation, and complete logging/reporting.","The tool is designed for high scalability and parallelization, capable of efficiently processing very large datasets. It supports distributed computing, cloud platforms, and HPC environments, with optimization for resource allocation and task distribution."
MSnbase,Archived data or tool in a trusted repository.,"Comprehensive version control with regular updates, clear changelogs, and active maintenance.","Fully open-source with a permissive license (e.g., MIT, Apache), code publicly available.","Minimal engagement, limited to one platform (e.g., GitHub issues or a single forum).","Usable as part of a pipeline in workflow systems (e.g., Snakemake, Galaxy).","Uses standardized formats directly, ensuring seamless interoperability with other tools.",Tested only at the time of initial tool publication.,"Fully containerized (e.g., Docker, Singularity) with comprehensive dependency management.","Detailed manual, thorough and clear documentation, and complete logging/reporting.",The tool supports basic scalability. It can handle moderately large datasets but may not fully utilize advanced computational resources.
mzR,Archived data or tool in a trusted repository.,"Comprehensive version control with regular updates, clear changelogs, and active maintenance.","Fully open-source with a permissive license (e.g., MIT, Apache), code publicly available.","Minimal engagement, limited to one platform (e.g., GitHub issues or a single forum).","Usable as part of a pipeline in workflow systems (e.g., Snakemake, Galaxy).","Uses standardized formats directly, ensuring seamless interoperability with other tools.",Tested only at the time of initial tool publication.,"Fully containerized (e.g., Docker, Singularity) with comprehensive dependency management.","Detailed manual, thorough and clear documentation, and complete logging/reporting.",The tool supports basic scalability. It can handle moderately large datasets but may not fully utilize advanced computational resources.
OpenMS,"Both tool and data are archived in trusted, well-maintained repositories (e.g., Zenodo, ProteomeXchange).","Comprehensive version control with regular updates, clear changelogs, and active maintenance.","Fully open-source with a permissive license (e.g., MIT, Apache), code publicly available.","Active engagement across multiple platforms (e.g., GitHub, forums, Q&A sites) with regular interactions.",Fully compatible and integrated with workflow management systems for automation.,"Uses standardized formats directly, ensuring seamless interoperability with other tools.",Regular benchmarking and validation against widely accepted datasets with updates.,"Fully containerized (e.g., Docker, Singularity) with comprehensive dependency management.","Detailed manual, thorough and clear documentation, and complete logging/reporting.","The tool is designed for high scalability and parallelization, capable of efficiently processing very large datasets. It supports distributed computing, cloud platforms, and HPC environments, with optimization for resource allocation and task distribution."
PECAN (PEptide-Centric Analysis),"Both tool and data are archived in trusted, well-maintained repositories (e.g., Zenodo, ProteomeXchange).","Comprehensive version control with regular updates, clear changelogs, and active maintenance.","Fully open-source with a permissive license (e.g., MIT, Apache), code publicly available.","Active engagement across multiple platforms (e.g., GitHub, forums, Q&A sites) with regular interactions.",Fully compatible and integrated with workflow management systems for automation.,"Uses standardized formats directly, ensuring seamless interoperability with other tools.",Regular benchmarking and validation against widely accepted datasets with updates.,"Fully containerized (e.g., Docker, Singularity) with comprehensive dependency management.","Detailed manual, thorough and clear documentation, and complete logging/reporting.","The tool is designed for high scalability and parallelization, capable of efficiently processing very large datasets. It supports distributed computing, cloud platforms, and HPC environments, with optimization for resource allocation and task distribution."
Pep3D,"Both tool and data are archived in trusted, well-maintained repositories (e.g., Zenodo, ProteomeXchange).","Comprehensive version control with regular updates, clear changelogs, and active maintenance.","Fully open-source with a permissive license (e.g., MIT, Apache), code publicly available.","Active engagement across multiple platforms (e.g., GitHub, forums, Q&A sites) with regular interactions.",Fully compatible and integrated with workflow management systems for automation.,"Uses standardized formats directly, ensuring seamless interoperability with other tools.",Regular benchmarking and validation against widely accepted datasets with updates.,"Fully containerized (e.g., Docker, Singularity) with comprehensive dependency management.","Detailed manual, thorough and clear documentation, and complete logging/reporting.","The tool is designed for high scalability and parallelization, capable of efficiently processing very large datasets. It supports distributed computing, cloud platforms, and HPC environments, with optimization for resource allocation and task distribution."
PeptideProphet,"Both tool and data are archived in trusted, well-maintained repositories (e.g., Zenodo, ProteomeXchange).","Comprehensive version control with regular updates, clear changelogs, and active maintenance.","Fully open-source with a permissive license (e.g., MIT, Apache), code publicly available.","Active engagement across multiple platforms (e.g., GitHub, forums, Q&A sites) with regular interactions.",Fully compatible and integrated with workflow management systems for automation.,"Uses standardized formats directly, ensuring seamless interoperability with other tools.",Regular benchmarking and validation against widely accepted datasets with updates.,"Fully containerized (e.g., Docker, Singularity) with comprehensive dependency management.","Detailed manual, thorough and clear documentation, and complete logging/reporting.","The tool is designed for high scalability and parallelization, capable of efficiently processing very large datasets. It supports distributed computing, cloud platforms, and HPC environments, with optimization for resource allocation and task distribution."
PeptideShaker,"Both tool and data are archived in trusted, well-maintained repositories (e.g., Zenodo, ProteomeXchange).","Comprehensive version control with regular updates, clear changelogs, and active maintenance.","Fully open-source with a permissive license (e.g., MIT, Apache), code publicly available.","Active engagement across multiple platforms (e.g., GitHub, forums, Q&A sites) with regular interactions.",Fully compatible and integrated with workflow management systems for automation.,"Uses standardized formats directly, ensuring seamless interoperability with other tools.",Regular benchmarking and validation against widely accepted datasets with updates.,"Fully containerized (e.g., Docker, Singularity) with comprehensive dependency management.","Detailed manual, thorough and clear documentation, and complete logging/reporting.","The tool is designed for high scalability and parallelization, capable of efficiently processing very large datasets. It supports distributed computing, cloud platforms, and HPC environments, with optimization for resource allocation and task distribution."
pepXML2Excel,"Both tool and data are archived in trusted, well-maintained repositories (e.g., Zenodo, ProteomeXchange).","Comprehensive version control with regular updates, clear changelogs, and active maintenance.","Fully open-source with a permissive license (e.g., MIT, Apache), code publicly available.","Active engagement across multiple platforms (e.g., GitHub, forums, Q&A sites) with regular interactions.",Fully compatible and integrated with workflow management systems for automation.,"Uses standardized formats directly, ensuring seamless interoperability with other tools.",Regular benchmarking and validation against widely accepted datasets with updates.,"Fully containerized (e.g., Docker, Singularity) with comprehensive dependency management.",Sufficient documentation but lacks a manual or comprehensive logging/reporting.,"The tool is designed for high scalability and parallelization, capable of efficiently processing very large datasets. It supports distributed computing, cloud platforms, and HPC environments, with optimization for resource allocation and task distribution."
Percolator,Archived data or tool in a trusted repository.,"Comprehensive version control with regular updates, clear changelogs, and active maintenance.","Fully open-source with a permissive license (e.g., MIT, Apache), code publicly available.","Active engagement across multiple platforms (e.g., GitHub, forums, Q&A sites) with regular interactions.",Fully compatible and integrated with workflow management systems for automation.,"Uses standardized formats directly, ensuring seamless interoperability with other tools.",Tested only at the time of initial tool publication.,"Fully containerized (e.g., Docker, Singularity) with comprehensive dependency management.","Detailed manual, thorough and clear documentation, and complete logging/reporting.","The tool is designed for high scalability and parallelization, capable of efficiently processing very large datasets. It supports distributed computing, cloud platforms, and HPC environments, with optimization for resource allocation and task distribution."
pRolocGUI,Archived data or tool in a trusted repository.,"Comprehensive version control with regular updates, clear changelogs, and active maintenance.","Fully open-source with a permissive license (e.g., MIT, Apache), code publicly available.","Active engagement across multiple platforms (e.g., GitHub, forums, Q&A sites) with regular interactions.","Usable as part of a pipeline in workflow systems (e.g., Snakemake, Galaxy).","Uses standardized formats directly, ensuring seamless interoperability with other tools.",Tested only at the time of initial tool publication.,"Fully containerized (e.g., Docker, Singularity) with comprehensive dependency management.","Detailed manual, thorough and clear documentation, and complete logging/reporting.",The tool supports basic scalability. It can handle moderately large datasets but may not fully utilize advanced computational resources.
ProteomeDigestSim,"Both tool and data are archived in trusted, well-maintained repositories (e.g., Zenodo, ProteomeXchange).","Comprehensive version control with regular updates, clear changelogs, and active maintenance.","Fully open-source with a permissive license (e.g., MIT, Apache), code publicly available.","Active engagement across multiple platforms (e.g., GitHub, forums, Q&A sites) with regular interactions.","Usable as part of a pipeline in workflow systems (e.g., Snakemake, Galaxy).","Uses standardized formats directly, ensuring seamless interoperability with other tools.",Regular benchmarking and validation against widely accepted datasets with updates.,"Fully containerized (e.g., Docker, Singularity) with comprehensive dependency management.","Detailed manual, thorough and clear documentation, and complete logging/reporting.","The tool is designed for high scalability and parallelization, capable of efficiently processing very large datasets. It supports distributed computing, cloud platforms, and HPC environments, with optimization for resource allocation and task distribution."
ProteoWizard,"Both tool and data are archived in trusted, well-maintained repositories (e.g., Zenodo, ProteomeXchange).","Comprehensive version control with regular updates, clear changelogs, and active maintenance.","Fully open-source with a permissive license (e.g., MIT, Apache), code publicly available.","Active engagement across multiple platforms (e.g., GitHub, forums, Q&A sites) with regular interactions.",Fully compatible and integrated with workflow management systems for automation.,"Uses standardized formats directly, ensuring seamless interoperability with other tools.",Regular benchmarking and validation against widely accepted datasets with updates.,"Fully containerized (e.g., Docker, Singularity) with comprehensive dependency management.","Detailed manual, thorough and clear documentation, and complete logging/reporting.","The tool is designed for high scalability and parallelization, capable of efficiently processing very large datasets. It supports distributed computing, cloud platforms, and HPC environments, with optimization for resource allocation and task distribution."
PSORTb,"Both tool and data are archived in trusted, well-maintained repositories (e.g., Zenodo, ProteomeXchange).","Comprehensive version control with regular updates, clear changelogs, and active maintenance.","Fully open-source with a permissive license (e.g., MIT, Apache), code publicly available.","Active engagement across multiple platforms (e.g., GitHub, forums, Q&A sites) with regular interactions.","Usable as part of a pipeline in workflow systems (e.g., Snakemake, Galaxy).","Uses standardized formats directly, ensuring seamless interoperability with other tools.",Regular benchmarking and validation against widely accepted datasets with updates.,"Fully containerized (e.g., Docker, Singularity) with comprehensive dependency management.",Sufficient documentation but lacks a manual or comprehensive logging/reporting.,"The tool is designed for high scalability and parallelization, capable of efficiently processing very large datasets. It supports distributed computing, cloud platforms, and HPC environments, with optimization for resource allocation and task distribution."
SearchGUI,"Both tool and data are archived in trusted, well-maintained repositories (e.g., Zenodo, ProteomeXchange).","Comprehensive version control with regular updates, clear changelogs, and active maintenance.","Fully open-source with a permissive license (e.g., MIT, Apache), code publicly available.","Active engagement across multiple platforms (e.g., GitHub, forums, Q&A sites) with regular interactions.",Fully compatible and integrated with workflow management systems for automation.,"Uses standardized formats directly, ensuring seamless interoperability with other tools.",Regular benchmarking and validation against widely accepted datasets with updates.,"Fully containerized (e.g., Docker, Singularity) with comprehensive dependency management.",Sufficient documentation but lacks a manual or comprehensive logging/reporting.,"The tool is designed for high scalability and parallelization, capable of efficiently processing very large datasets. It supports distributed computing, cloud platforms, and HPC environments, with optimization for resource allocation and task distribution."
Tandem2XML,"Both tool and data are archived in trusted, well-maintained repositories (e.g., Zenodo, ProteomeXchange).","Comprehensive version control with regular updates, clear changelogs, and active maintenance.","Fully open-source with a permissive license (e.g., MIT, Apache), code publicly available.","Active engagement across multiple platforms (e.g., GitHub, forums, Q&A sites) with regular interactions.",Fully compatible and integrated with workflow management systems for automation.,"Uses standardized formats directly, ensuring seamless interoperability with other tools.",Regular benchmarking and validation against widely accepted datasets with updates.,"Fully containerized (e.g., Docker, Singularity) with comprehensive dependency management.","Detailed manual, thorough and clear documentation, and complete logging/reporting.","The tool is designed for high scalability and parallelization, capable of efficiently processing very large datasets. It supports distributed computing, cloud platforms, and HPC environments, with optimization for resource allocation and task distribution."
Trans-Proteomic Pipeline (TPP),"Both tool and data are archived in trusted, well-maintained repositories (e.g., Zenodo, ProteomeXchange).","Comprehensive version control with regular updates, clear changelogs, and active maintenance.","Fully open-source with a permissive license (e.g., MIT, Apache), code publicly available.","Active engagement across multiple platforms (e.g., GitHub, forums, Q&A sites) with regular interactions.",Fully compatible and integrated with workflow management systems for automation.,"Uses standardized formats directly, ensuring seamless interoperability with other tools.",Regular benchmarking and validation against widely accepted datasets with updates.,"Fully containerized (e.g., Docker, Singularity) with comprehensive dependency management.","Detailed manual, thorough and clear documentation, and complete logging/reporting.","The tool is designed for high scalability and parallelization, capable of efficiently processing very large datasets. It supports distributed computing, cloud platforms, and HPC environments, with optimization for resource allocation and task distribution."
Unipept visualizations,"Both tool and data are archived in trusted, well-maintained repositories (e.g., Zenodo, ProteomeXchange).","Comprehensive version control with regular updates, clear changelogs, and active maintenance.","Fully open-source with a permissive license (e.g., MIT, Apache), code publicly available.","Active engagement across multiple platforms (e.g., GitHub, forums, Q&A sites) with regular interactions.","Usable as part of a pipeline in workflow systems (e.g., Snakemake, Galaxy).","Uses standardized formats directly, ensuring seamless interoperability with other tools.",Tested only at the time of initial tool publication.,"Fully containerized (e.g., Docker, Singularity) with comprehensive dependency management.","Detailed manual, thorough and clear documentation, and complete logging/reporting.","The tool is designed for high scalability and parallelization, capable of efficiently processing very large datasets. It supports distributed computing, cloud platforms, and HPC environments, with optimization for resource allocation and task distribution."
xcms,Archived data or tool in a trusted repository.,"Comprehensive version control with regular updates, clear changelogs, and active maintenance.","Fully open-source with a permissive license (e.g., MIT, Apache), code publicly available.","Active engagement across multiple platforms (e.g., GitHub, forums, Q&A sites) with regular interactions.",Fully compatible and integrated with workflow management systems for automation.,"Uses standardized formats directly, ensuring seamless interoperability with other tools.",Tested only at the time of initial tool publication.,"Fully containerized (e.g., Docker, Singularity) with comprehensive dependency management.","Detailed manual, thorough and clear documentation, and complete logging/reporting.","The tool is designed for high scalability and parallelization, capable of efficiently processing very large datasets. It supports distributed computing, cloud platforms, and HPC environments, with optimization for resource allocation and task distribution."
XPRESS,"Both tool and data are archived in trusted, well-maintained repositories (e.g., Zenodo, ProteomeXchange).","Comprehensive version control with regular updates, clear changelogs, and active maintenance.","Fully open-source with a permissive license (e.g., MIT, Apache), code publicly available.","Active engagement across multiple platforms (e.g., GitHub, forums, Q&A sites) with regular interactions.",Fully compatible and integrated with workflow management systems for automation.,"Uses standardized formats directly, ensuring seamless interoperability with other tools.",Regular benchmarking and validation against widely accepted datasets with updates.,"Fully containerized (e.g., Docker, Singularity) with comprehensive dependency management.","Detailed manual, thorough and clear documentation, and complete logging/reporting.","The tool is designed for high scalability and parallelization, capable of efficiently processing very large datasets. It supports distributed computing, cloud platforms, and HPC environments, with optimization for resource allocation and task distribution."
XTandem,Archived data or tool in a trusted repository.,"Minimal or inconsistent version control, tool still functional but not actively maintained.","Fully open-source with a permissive license (e.g., MIT, Apache), code publicly available.","Active engagement across multiple platforms (e.g., GitHub, forums, Q&A sites) with regular interactions.",Fully compatible and integrated with workflow management systems for automation.,"Uses standardized formats directly, ensuring seamless interoperability with other tools.",Tested only at the time of initial tool publication.,"Partially containerized, e.g., as part of a broader pipeline or incomplete container.","Detailed manual, thorough and clear documentation, and complete logging/reporting.","The tool is designed for high scalability and parallelization, capable of efficiently processing very large datasets. It supports distributed computing, cloud platforms, and HPC environments, with optimization for resource allocation and task distribution."
DACSIM,Not archived or hosted in unreliable locations.,"No version control, tool is deprecated or unreliable.",Proprietary or restricted access requires payment or a limited free trial.,No evidence of community engagement or support.,Cannot integrate into workflow management systems.,Input/output formats are unknown or non-standard.,No benchmarking or testing reported.,Not containerized or dependency management is manual.,"Lacks a manual; minimal or unclear documentation, logging, or reporting.",The tool has unknown or no built-in scalability or parallelization capabilities. It struggles to handle large datasets efficiently and cannot leverage cloud or HPC resources.
libmprc,Not archived or hosted in unreliable locations.,"No version control, tool is deprecated or unreliable.",Proprietary or restricted access requires payment or a limited free trial.,No evidence of community engagement or support.,Cannot integrate into workflow management systems.,Input/output formats are unknown or non-standard.,No benchmarking or testing reported.,Not containerized or dependency management is manual.,"Lacks a manual; minimal or unclear documentation, logging, or reporting.",The tool has unknown or no built-in scalability or parallelization capabilities. It struggles to handle large datasets efficiently and cannot leverage cloud or HPC resources.
Popitam,Not archived or hosted in unreliable locations.,"No version control, tool is deprecated or unreliable.",Proprietary or restricted access requires payment or a limited free trial.,No evidence of community engagement or support.,Cannot integrate into workflow management systems.,Input/output formats are unknown or non-standard.,No benchmarking or testing reported.,Not containerized or dependency management is manual.,"Lacks a manual; minimal or unclear documentation, logging, or reporting.",The tool has unknown or no built-in scalability or parallelization capabilities. It struggles to handle large datasets efficiently and cannot leverage cloud or HPC resources.
sAMPpred-GAT,Not archived or hosted in unreliable locations.,"No version control, tool is deprecated or unreliable.",Proprietary or restricted access requires payment or a limited free trial.,No evidence of community engagement or support.,Cannot integrate into workflow management systems.,Input/output formats are unknown or non-standard.,No benchmarking or testing reported.,Not containerized or dependency management is manual.,"Lacks a manual; minimal or unclear documentation, logging, or reporting.",The tool has unknown or no built-in scalability or parallelization capabilities. It struggles to handle large datasets efficiently and cannot leverage cloud or HPC resources.
Vonode,Not archived or hosted in unreliable locations.,"No version control, tool is deprecated or unreliable.",Proprietary or restricted access requires payment or a limited free trial.,No evidence of community engagement or support.,Cannot integrate into workflow management systems.,Input/output formats are unknown or non-standard.,No benchmarking or testing reported.,Not containerized or dependency management is manual.,"Lacks a manual; minimal or unclear documentation, logging, or reporting.",The tool has unknown or no built-in scalability or parallelization capabilities. It struggles to handle large datasets efficiently and cannot leverage cloud or HPC resources.
DECIPHER,"Both tool and data are archived in trusted, well-maintained repositories (e.g., Zenodo, ProteomeXchange).","Comprehensive version control with regular updates, clear changelogs, and active maintenance.","Fully open-source with a permissive license (e.g., MIT, Apache), code publicly available.","Active engagement across multiple platforms (e.g., GitHub, forums, Q&A sites) with regular interactions.",Fully compatible and integrated with workflow management systems for automation.,"Uses standardized formats directly, ensuring seamless interoperability with other tools.",Regular benchmarking and validation against widely accepted datasets with updates.,"Fully containerized (e.g., Docker, Singularity) with comprehensive dependency management.","Detailed manual, thorough and clear documentation, and complete logging/reporting.","The tool is designed for high scalability and parallelization, capable of efficiently processing very large datasets. It supports distributed computing, cloud platforms, and HPC environments, with optimization for resource allocation and task distribution."
decoy.pl,Not archived or hosted in unreliable locations.,"No version control, tool is deprecated or unreliable.",Proprietary or restricted access requires payment or a limited free trial.,No evidence of community engagement or support.,Cannot integrate into workflow management systems.,Input/output formats are unknown or non-standard.,No benchmarking or testing reported.,Not containerized or dependency management is manual.,"Lacks a manual; minimal or unclear documentation, logging, or reporting.",The tool has unknown or no built-in scalability or parallelization capabilities. It struggles to handle large datasets efficiently and cannot leverage cloud or HPC resources.
idconvert,"Both tool and data are archived in trusted, well-maintained repositories (e.g., Zenodo, ProteomeXchange).","Comprehensive version control with regular updates, clear changelogs, and active maintenance.","Fully open-source with a permissive license (e.g., MIT, Apache), code publicly available.","Active engagement across multiple platforms (e.g., GitHub, forums, Q&A sites) with regular interactions.",Fully compatible and integrated with workflow management systems for automation.,"Uses standardized formats directly, ensuring seamless interoperability with other tools.",Regular benchmarking and validation against widely accepted datasets with updates.,"Fully containerized (e.g., Docker, Singularity) with comprehensive dependency management.","Detailed manual, thorough and clear documentation, and complete logging/reporting.","The tool is designed for high scalability and parallelization, capable of efficiently processing very large datasets. It supports distributed computing, cloud platforms, and HPC environments, with optimization for resource allocation and task distribution."
massifquant,Not archived or hosted in unreliable locations.,"No version control, tool is deprecated or unreliable.",Proprietary or restricted access requires payment or a limited free trial.,No evidence of community engagement or support.,Cannot integrate into workflow management systems.,Input/output formats are unknown or non-standard.,No benchmarking or testing reported.,Not containerized or dependency management is manual.,"Lacks a manual; minimal or unclear documentation, logging, or reporting.",The tool has unknown or no built-in scalability or parallelization capabilities. It struggles to handle large datasets efficiently and cannot leverage cloud or HPC resources.
metaX,Not archived or hosted in unreliable locations.,"No version control, tool is deprecated or unreliable.",Proprietary or restricted access requires payment or a limited free trial.,No evidence of community engagement or support.,Cannot integrate into workflow management systems.,Input/output formats are unknown or non-standard.,No benchmarking or testing reported.,Not containerized or dependency management is manual.,"Lacks a manual; minimal or unclear documentation, logging, or reporting.",The tool has unknown or no built-in scalability or parallelization capabilities. It struggles to handle large datasets efficiently and cannot leverage cloud or HPC resources.
MitoCarta,Not archived or hosted in unreliable locations.,"No version control, tool is deprecated or unreliable.",Proprietary or restricted access requires payment or a limited free trial.,No evidence of community engagement or support.,Cannot integrate into workflow management systems.,Input/output formats are unknown or non-standard.,No benchmarking or testing reported.,Not containerized or dependency management is manual.,"Lacks a manual; minimal or unclear documentation, logging, or reporting.",The tool has unknown or no built-in scalability or parallelization capabilities. It struggles to handle large datasets efficiently and cannot leverage cloud or HPC resources.
MS-Deconv,"Both tool and data are archived in trusted, well-maintained repositories (e.g., Zenodo, ProteomeXchange).","Comprehensive version control with regular updates, clear changelogs, and active maintenance.","Fully open-source with a permissive license (e.g., MIT, Apache), code publicly available.","Active engagement across multiple platforms (e.g., GitHub, forums, Q&A sites) with regular interactions.",Fully compatible and integrated with workflow management systems for automation.,"Uses standardized formats directly, ensuring seamless interoperability with other tools.",Regular benchmarking and validation against widely accepted datasets with updates.,"Fully containerized (e.g., Docker, Singularity) with comprehensive dependency management.","Detailed manual, thorough and clear documentation, and complete logging/reporting.","The tool is designed for high scalability and parallelization, capable of efficiently processing very large datasets. It supports distributed computing, cloud platforms, and HPC environments, with optimization for resource allocation and task distribution."
msmsEDA and msmsTests,"Both tool and data are archived in trusted, well-maintained repositories (e.g., Zenodo, ProteomeXchange).","Comprehensive version control with regular updates, clear changelogs, and active maintenance.","Fully open-source with a permissive license (e.g., MIT, Apache), code publicly available.","Active engagement across multiple platforms (e.g., GitHub, forums, Q&A sites) with regular interactions.",Fully compatible and integrated with workflow management systems for automation.,"Uses standardized formats directly, ensuring seamless interoperability with other tools.",Regular benchmarking and validation against widely accepted datasets with updates.,"Fully containerized (e.g., Docker, Singularity) with comprehensive dependency management.","Detailed manual, thorough and clear documentation, and complete logging/reporting.","The tool is designed for high scalability and parallelization, capable of efficiently processing very large datasets. It supports distributed computing, cloud platforms, and HPC environments, with optimization for resource allocation and task distribution."
PepNovo,Not archived or hosted in unreliable locations.,"No version control, tool is deprecated or unreliable.",Proprietary or restricted access requires payment or a limited free trial.,No evidence of community engagement or support.,Cannot integrate into workflow management systems.,Input/output formats are unknown or non-standard.,No benchmarking or testing reported.,Not containerized or dependency management is manual.,"Lacks a manual; minimal or unclear documentation, logging, or reporting.",The tool has unknown or no built-in scalability or parallelization capabilities. It struggles to handle large datasets efficiently and cannot leverage cloud or HPC resources.
Prosit,Not archived or hosted in unreliable locations.,"No version control, tool is deprecated or unreliable.",Proprietary or restricted access requires payment or a limited free trial.,No evidence of community engagement or support.,Cannot integrate into workflow management systems.,Input/output formats are unknown or non-standard.,No benchmarking or testing reported.,Not containerized or dependency management is manual.,"Lacks a manual; minimal or unclear documentation, logging, or reporting.",The tool has unknown or no built-in scalability or parallelization capabilities. It struggles to handle large datasets efficiently and cannot leverage cloud or HPC resources.
ProteomeTools,Not archived or hosted in unreliable locations.,"No version control, tool is deprecated or unreliable.",Proprietary or restricted access requires payment or a limited free trial.,No evidence of community engagement or support.,Cannot integrate into workflow management systems.,Input/output formats are unknown or non-standard.,No benchmarking or testing reported.,Not containerized or dependency management is manual.,"Lacks a manual; minimal or unclear documentation, logging, or reporting.",The tool has unknown or no built-in scalability or parallelization capabilities. It struggles to handle large datasets efficiently and cannot leverage cloud or HPC resources.
ProteoSAFe,Not archived or hosted in unreliable locations.,"No version control, tool is deprecated or unreliable.",Proprietary or restricted access requires payment or a limited free trial.,No evidence of community engagement or support.,Cannot integrate into workflow management systems.,Input/output formats are unknown or non-standard.,No benchmarking or testing reported.,Not containerized or dependency management is manual.,"Lacks a manual; minimal or unclear documentation, logging, or reporting.",The tool has unknown or no built-in scalability or parallelization capabilities. It struggles to handle large datasets efficiently and cannot leverage cloud or HPC resources.
rpx,Not archived or hosted in unreliable locations.,"No version control, tool is deprecated or unreliable.",Proprietary or restricted access requires payment or a limited free trial.,No evidence of community engagement or support.,Cannot integrate into workflow management systems.,Input/output formats are unknown or non-standard.,No benchmarking or testing reported.,Not containerized or dependency management is manual.,"Lacks a manual; minimal or unclear documentation, logging, or reporting.",The tool has unknown or no built-in scalability or parallelization capabilities. It struggles to handle large datasets efficiently and cannot leverage cloud or HPC resources.
rt,Not archived or hosted in unreliable locations.,"No version control, tool is deprecated or unreliable.",Proprietary or restricted access requires payment or a limited free trial.,No evidence of community engagement or support.,Cannot integrate into workflow management systems.,Input/output formats are unknown or non-standard.,No benchmarking or testing reported.,Not containerized or dependency management is manual.,"Lacks a manual; minimal or unclear documentation, logging, or reporting.",The tool has unknown or no built-in scalability or parallelization capabilities. It struggles to handle large datasets efficiently and cannot leverage cloud or HPC resources.
SRMstats,Not archived or hosted in unreliable locations.,"No version control, tool is deprecated or unreliable.",Proprietary or restricted access requires payment or a limited free trial.,No evidence of community engagement or support.,Cannot integrate into workflow management systems.,Input/output formats are unknown or non-standard.,No benchmarking or testing reported.,Not containerized or dependency management is manual.,"Lacks a manual; minimal or unclear documentation, logging, or reporting.",The tool has unknown or no built-in scalability or parallelization capabilities. It struggles to handle large datasets efficiently and cannot leverage cloud or HPC resources.
